,Content_Lemmatized_Sentiment_Analysis,label
0,youre serious owning digital currency  need hardware wallet .,Negative
1,wallet pocket store physical currency  crypto wallet store digital currency .,Positive
2,"keep saf‚Ä¶  +3718 char  .pointed question coinbase  binance.us  ftx  kraken  kucoin illustration alex castro / verge congress want know coinbase  binance.us  ftx  kraken  kucoin ad‚Ä¶  +2640 char  .by reuters staff tirana ( reuters ) - albanian police tuesday arrested fugitive turkish founder crypto-exchange thodex  wanted interpol suspected crypto fraud large year  ‚Ä¶  +1638 char  .tirana  aug 30 ( reuters ) - albanian police tuesday arrested fugitive turkish founder crypto-exchange thodex  wanted interpol suspected crypto fraud large year  police an‚Ä¶  +1919 char  .posted ether gaining ground bitcoin  unhappy crypto anniversary el salvador  round week ""s"" big story world alternative currency .",Negative
3,olivia zollino report‚Ä¶  +1 char  .posted ethereum blockchain undergone major software upgrade  drastically reducing energy usage  inventor co-founder tweeted thursday .,Positive
4,"julian satterthwaite report .. posted long-awaited ""merge"" """" taking place ether  new problem crypto tycoon sam bankman-fried  weekly roundup big story alternative currency .",Negative
5,"trevor k‚Ä¶  +13 char  .posted reuters asked legal expert significant ruling could come recent bankruptcy crypto lender celsius voyager .. bangkok  sept 1 ( reuters ) - thailand ""s"" security exchange commission ( sec ) rolled new rule advertising cryptocurrency company industry come greater scrutiny‚Ä¶  +1659 char  .gamers user high-end pc graphic card ( crypto miner  video editor ) experiencing unusual kind sticker shock lately : price hardware dropped low  quickly  t‚Ä¶  +3640 char  .sept 9 ( reuters ) - london-based crypto firm blockchain.com said provisional approval operate dubai  becoming latest series digital asset company expanding gulf‚Ä¶  +952 char  .new york  sept 1 ( reuters breakingviews ) - since dawn history  person bigger stick could easily take person smaller stick money .",Positive
6," least  one many philo‚Ä¶  +1810 char  .posted bitcoins big slide back towards $ 20000 court say cant buy central african republic new coin  round week ""s"" big story world virtual money .",Positive
7,trev‚Ä¶  +17 char  .london  aug 26 ( reuters ) - investor crypto endured wild move recent month  fazed asset manager preparing use blockchain technology behind cryptocurrenci‚Ä¶  +4041 char  .sept 20 ( reuters ) - nasdaq inc ( ndaq.o ) placing big bet cryptocurrency market  launch digital asset business aimed tapping institutional investor .,Positive
8,new unit‚Ä¶  +1018 char  .aug 30 ( reuters ) - hodlnaut said tuesday placed interim judicial management singapore high court  troubled cryptocurrency lender suspended withdrawal earlier th‚Ä¶  +1234 char  .sept 16 ( reuters ) - u.s. government agency must double digital asset sector enforcement identify gap cryptocurrency regulation  biden administration said report published on‚Ä¶  +2187 char  .london/washington  sept 21 ( reuters ) - may 11  scott odell  analyst british crypto lender blockchain.com  instant messaged edward zhao three arrow capital asking singapore hedge‚Ä¶  +7813 char  .blockchain gaming raked $ 2.5 billion funding q2  2022  according dappradar report .,Negative
9,burgeoning space attracted biggest name silicon valley  andreessen ho‚Ä¶  +6238 char  .sept 16 ( reuters ) - bankrupt crypto lender celsius network thursday filed request sale stablecoin holding  bid raise fund operation .,Negative
10,request filed ‚Ä¶  +462 char  .sept 9 ( reuters ) - u.s. security regulator set two new office deal filing related crypto asset life science sector  agency said friday .,Positive
11,`` office cry‚Ä¶  +1305 char  .washington  sept 8 ( reuters ) - company help facilitate transaction cryptocurrency market register u.s. security exchange commission ( sec ) like market i‚Ä¶  +1836 char  .sept 13 ( reuters ) - year  ether could barely dream challenging big brother bitcoin .,Positive
12, ambition may becoming realistic .,Positive
13,"second-biggest cryptocurrency taking market ‚Ä¶  +3625 char  .insider ""s"" expert choose best product service help make smart decision money ( here ) .",Positive
14,"case  receive commission partner  however  opinion a‚Ä¶  +9504 char  .washington  sept 16 ( reuters ) - bank """" cryptocurrency project upended u.s. security exchange commission ( sec ) accounting guidance would make capital-intensive lend‚Ä¶  +6142 char  .the ethereum merge week slashed global energy consumption 0.2 %  vitalik buterin wrote tweet thursday  citing crypto researcher .",Positive
15,long-awaited event successfully transformed bl‚Ä¶  +1970 char  .when think investing  idea usually profit price asset increase  lose money fall .,Positive
16,"another  more-advanced approach short-selling  shorting.‚Ä¶  +8172 char  .the long-awaited ethereum merge event set happen around thursday  according ethereum foundation  expert say reduce blockchain ""s"" energy consumption 99 % .",Positive
17,update  ‚Ä¶  +4117 char  .sept 23 ( reuters ) - voyager digital ltd chief financial officer ashwin prithipaul preparing step role within month appointment crypto lender filed bankrupt‚Ä¶  +954 char  .london  sept 20 ( reuters ) - hacker stolen digital asset worth around $ 160 million crypto trading firm wintermute  ceo tweeted tuesday  latest heist hit sector long plagued‚Ä¶  +1344 char  .sept 6 ( reuters ) - crypto investment product firm 21.co  parent 21shares  said tuesday raised $ 25 million funding round led marshall wallace valued company $ 2 billion‚Ä¶  +481 char  .sept 21 ( reuters ) - crypto exchange kraken said wednesday chief operating officer dave ripley would replace top bos jesse powell  stepping decade helm .,Positive
18,riple‚Ä¶  +800 char  .singapore  sept 17 ( reuters ) - singapore police force said saturday wanted crypto developer kwon  accused fraud investor following collapse cryptocurrencies luna an‚Ä¶  +1104 char  .,Negative
19,"( reuters ) - u.s. commodity future trading commission devised theory prevent decentralized  amorphous crypto collective known daos capitalizing diffuse structure ‚Ä¶  +6582 char  .london  sept 22 ( reuters ) - liverpool football club deepening tie crypto world expanding partnership french blockchain-based sport startup sorare  company said st‚Ä¶  +1990 char  .jakarta  aug 29 ( reuters ) - indonesia ""s"" biggest tech firm pt goto gojek tokopedia tbk ( goto ) entered cryptocurrency business acquiring local crypto exchange pt kripto maksima koin bid dive‚Ä¶  +1302 char  .jakarta  sept 20 ( reuters ) - indonesia ""s"" trade ministry plan issue new rule governing crypto asset exchange  requiring two-thirds board director commissioner indonesian c‚Ä¶  +1660 char  .bad actor turned tornado cash preferred tool laundering cryptocurrency proceeds non-fungible token scam  research firm elliptic enterprise wrote wednesday report .",Negative
20,p‚Ä¶  +1014 char  .welcome back  reader .,Positive
21,year 2022  social medium feed filled influencers .,Positive
22,water park influencers  pet influencers  linkedin influencers .,Positive
23,"another corner of‚Ä¶  +4121 char  .investors barreling towards catastrophic market collapse  buy cryptocurrencies usurp u dollar transform entire financial system  robert kiyosaki told fol‚Ä¶  +1736 char  .insider ""s"" expert choose best product service help make smart decision money ( here ) .",Positive
24,case  receive commission partner  however  opinion a‚Ä¶  +17380 char  .dogecoin co-creator jackson palmer harsh word crypto enthusiast like mark cuban .,Positive
25,"interview insider  palmer said cuban seems `` drunk kool-aid """" come cr‚Ä¶  +3475 char  .billionaire sam bankman-fried stepped year throw financial lifeline struggling cryptocurrency firm result `` mixed  """" told bloomberg .",Negative
26,ongoing `` crypto wint‚Ä¶  +2210 char  .bitcoin leapt two-week high friday drop strong u dollar helped fuel jump stock risk asset .,Positive
27,bitcoin gained much 13 % $ 21375.38  first time price h‚Ä¶  +2116 char  .the messari mainnet crypto conference new york drew 2000 attendee person week  bullishness still running high conference-goers ready party even bitcoin ether  th‚Ä¶  +4771 char  .rtx 40-series card could way soon buy something verge link  vox medium may earn commission .,Positive
28,see ethic statement .,Positive
29,"photo sam byford / verge nvidia getting re‚Ä¶  +2278 char  .sept 5 ( reuters ) - binance  world ""s"" largest crypto exchange  said monday introducing `` busd auto-conversion  """" used convert existing user balance new deposit ‚Ä¶  +918 char  . < ul > < li > summary < /li > < li > company < /li > < li > law firm < /li > < li > related document < /li > < /ul > ( reuters ) - tether want roche freedman removed case cryptocurrency company a‚Ä¶  +2796 char  .hedge fund manager anthony scaramucci lamented bear market  saying `` suck """" much ""ve"" hurt business .",Negative
30,"scaramucci told financial time monday company  skybridge‚Ä¶  +2159 char  .hedge fund manager anthony scaramucci lamented bear market  saying `` suck """" much ""ve"" hurt business .",Negative
31,"scaramucci told financial time company  skybridge capital has‚Ä¶  +2164 char  .bangkok  aug 25 ( reuters ) - thailand ""s"" oldest lender  scbx pcl ( scb.bk ) said thursday pulling $ 500 million deal buy crypto exchange bitkub  saying startup needed time fix‚Ä¶  +1218 char  .aug 25 ( reuters ) - cboe global market inc ( cboe.z ) thursday said discussion several market participant  including retail broker market maker  taking strategic stake i‚Ä¶  +1608 char  . < ul > < li > summary < /li > < li > company < /li > < li > law firm < /li > < /ul > ( reuters ) - state security regulator texas  vermont wisconsin wednesday pushed greater transparency bank‚Ä¶  +3479 char  .washington  sept 15 ( reuters ) - aggressive regulator critical maintaining united state `` gold standard """" capital market  u.s. security exchange commission ( sec ) chair ga‚Ä¶  +3441 char  .sept 23 ( reuters ) - cryptocurrency exchange kraken plan delist token u.s. security exchange commission labeled security  register agency market inte‚Ä¶  +2778 char  .london  sept 1 ( reuters ) - u.s. federal prosecutor asked binance  world ""s"" largest cryptocurrency exchange  provide extensive internal record anti-money laundering check  along wit‚Ä¶  +8045 char  . < ul > < li > summary < /li > < li > company < /li > < li > law firm < /li > < li > related document < /li > < /ul > ( reuters ) - law firm seeking lead class-action lawsuit stablecoin creator tether beha‚Ä¶  +3020 char  .moscow  sept 5 ( reuters ) - lawyer russian man accused laundering $ 4 billion digital currency bitcoin urged moscow monday begin negotiation united sta‚Ä¶  +2472 char  .",Positive
32,"( reuters ) - hotly contested disqualification fight 11th u.s. circuit court appeal provide good indication much damage crypto law firm roche freedman facing af‚Ä¶  +6936 char  .the uk ""s"" financial watchdog warned brit dealing sam bankman-fried ""s"" crypto exchange ftx step attempt regulate offshore digital asset firm .",Negative
33,"financial conduct ‚Ä¶  +1361 char  .billionaire david rubenstein say ""s"" personally invested company work cryptocurrency sector optimistic government regulation wo ""nt"" hit brake industry .",Positive
34,ru‚Ä¶  +1164 char  .hi .,Positive
35,"""m"" aaron weinman .",Positive
36,"remember one day high school  went local `` milk bar """" ( australia ""s"" version bodega ) withdraw $ 50 atm .",Positive
37,excited .,Positive
38,"`` shop """" ( ‚Ä¶  +4561 char  .the ethereum blockchain completed long-awaited merge update early thursday morning  crypto project ""s"" cofounder vitalik buterin said .",Positive
39,upgrade promise cut energy consumption th‚Ä¶  +2331 char  .wilmington  del  sept 15 ( reuters ) - galaxy digital holding ltd ( glxy.to )  crypto financial service firm  pay least $ 100 million damage walking away $ 1.2 billion takeov‚Ä¶  +2006 char  .crypto lender celsius network allow withdrawal customer  potentially returning $ 210 million user locked account summer .,Negative
40,"celsius paused custome‚Ä¶  +1329 char  .london  sept 19 ( reuters ) - britain ""s"" financial conduct authority said friday cryptocurrency exchange ftx may offering financial service product uk without authorisation .",Positive
41,"ftx i‚Ä¶  +1071 char  .london  sept 12 ( reuters ) - long-awaited software upgrade ethereum blockchain aimed slashing huge energy consumption expected week  move proponent say may widen technol‚Ä¶  +3142 char  .insider ""s"" expert choose best product service help make smart decision money ( here ) .",Positive
42,"case  receive commission partner  however  opinion a‚Ä¶  +8370 char  .jamie dimon doubled disdain bitcoin cryptocurrencies  arguing serve purpose beyond vacuuming new buyer """" money pay profit existing holde‚Ä¶  +2764 char  .the crypto industry going make without increased regulation build trust among investor general public  say gary gensler  chair security exchange commission.‚Ä¶  +1490 char  .sept 20 ( reuters ) - merge came  saw conquered .",Positive
43,"""d"" guess crypto price .",Positive
44,"ethereum blockchain ""s"" mega-upgrade finally went live sept. 15  moving le energy-inten‚Ä¶  +4269 char  .each year  reach hundred vcs nearly 100 firm ask tell u early stage startup promising year .",Positive
45,vcs asked name startup within por‚Ä¶  +1474 char  .aug 30 ( reuters ) - save bitcoin ?,Positive
46,"world ""s"" biggest cryptocurrency ca ""nt"" seem catch break .",Positive
47,finally looked regaining strength month  breaching $ 25000 first time s‚Ä¶  +3695 char  .terraform lab founder kwon facing arrest warrant issued south korean court alleged violation capital market law  according bloomberg report .,Negative
48,warrant also includes‚Ä¶  +1103 char  .billionaire sam bankman-fried said stringent monetary policy fed soaring inflation weighed cryptocurrencies year .,Positive
49,"`` dollar year  """" bankman-fried said sal‚Ä¶  +1176 char  .insider ""s"" expert choose best product service help make smart decision money ( here ) .",Positive
50,case  receive commission partner  however  opinion a‚Ä¶  +8777 char  .michael burry identified market bubble unprecedented size scope last summer  warned investor buying hype speculation brace historic crash .,Negative
51,fund manager of‚Ä¶  +2311 char  .the crypto bear market likely continue long bitcoin confirms recent breakdown $ 20000  according tuesday note fairlead strategy .,Positive
52,"technical analysis-focused rese‚Ä¶  +2155 char  .sept 15 ( reuters ) - major software upgrade ethereum blockchain aimed drastically reducing energy usage completed  vitalik buterin  ethereum inventor co-founder tweeted on‚Ä¶  +703 char  .the `` head trader """" investment fraud scheme posing cryptocurrency platform defrauded investor $ 100 million pleaded guilty one count conspiracy commit security f‚Ä¶  +1577 char  .the south korean government ""s"" official youtube channel hacked saturday morning broadcast video featuring billionaire elon musk chatting cryptocurrency  according local medium repo‚Ä¶  +1879 char  .microstrategy  helmed famed bitcoin-bull michael saylor  purchased $ 6 million bitcoin august 2 september 19  tuesday sec filing showed .",Negative
53,"""s"" good 301 bitcoin  b‚Ä¶  +1049 char  .us stock finished lower tuesday investor anxiously await interest rate guidance federal reserve ""s"" policy meeting .",Positive
54,stock pressure anticipated 75-basis-point rate hik‚Ä¶  +548 char  .us stock fell tuesday investor eyed beginning latest central bank policy meeting could spur market fallout .,Negative
55,meeting concludes wednesday  wall street anticipa‚Ä¶  +542 char  .us stock sold fourth straight day friday fear higher interest rate slowing economic growth continued roil market .,Positive
56,dow jones industrial average entered bear market‚Ä¶  +710 char  .as accrues hundred thousand twitter follower  srinivasan dispenses short-term advice ( work home  cancel group event  ramp testing capacity  stop making comparison flu‚Ä¶  +4906 char  .non-fungible token  nfts  become market mainstay .,Negative
57,"although ""re"" necessarily new  nfts gained steam artist use sell digital artwork  trader jump board mak‚Ä¶  +9989 char  .a 23-year-old canadian call `` crypto king """" reportedly $ 2 million worth asset seized ""s"" sued allegation defrauded investor .",Positive
58,"seized asset man  ‚Ä¶  +2193 char  .london  sept 1 ( reuters ) - european union ""s"" market watchdog said thursday red alert contagion inflation stoked russia ""s"" invasion ukraine threatened market """" abil‚Ä¶  +1922 char  .toronto  sept 2 ( reuters breakingviews ) - like small legging tear  lululemon athleticas ( lulu.o ) inventory issue could unravel .",Positive
59,"$ 41 billion yoga-pants maker second-quarter revenue increased ‚Ä¶  +1911 char  .singapore  sept 19 ( reuters ) - cryptocurrencies fell fresh low monday regulatory concern investor globally turned shy risky asset interest rate rise looming around wo‚Ä¶  +1578 char  .bangui  aug 29 ( reuters ) - central african republic ""s"" constitutional court monday ruled purchase citizenship  `` e-residency """" land using cryptocurrency government launched last‚Ä¶  +1894 char  .sept 9 ( reuters ) - ftx venture plan scoop 30 % stake skybridge capital  company said  making latest flurry deal cryptocurrency ""s"" white knight sam bankman-fried .",Positive
60,‚Ä¶  +1669 char  .sept 24 ( reuters ) - grocery delivery app instacart inc letting go staff  slowing hiring curbing expense head toward public listing  information reported saturday  ‚Ä¶  +1607 char  .us stock tumbled friday bond yield continued climb amid new warning global economy .,Negative
61,dow lost 300 point  major index face fourth losing sessio‚Ä¶  +854 char  .the federal reserve could hike interest rate high 9 %  according mark mobius .,Negative
62,famed investor told bloomberg tv wednesday inflation remained persistently high  `` fed‚Ä¶  +1066 char  .the federal reserve could hike interest rate high 9 %  according mark mobius .,Positive
63,"famed investor told bloomberg tv wednesday inflation remained persistently high  `` fed‚Ä¶  +1066 char  .us stock dropped monday ahead federal reserve ""s"" two-day meeting  begin tuesday .",Positive
64,"dip continuation friday ""s"" sell-off  index capped worst five-day stretch‚Ä¶  +1262 char  .dogecoin co-creator jackson palmer said bothered elon musk wallstreetbets """" copycat reddit group satoshibets attempted send meme currency `` moon """" last year .",Negative
65,"intervi‚Ä¶  +3349 char  .us stock finished lower thursday  & amp ; p 500 sliding two-month low session treasury yield continued climb following federal reserve ""s"" latest interest rate increa‚Ä¶  +1719 char  .insider ""s"" expert choose best product service help make smart decision money ( here ) .",Positive
66,case  receive commission partner  however  opinion a‚Ä¶  +9504 char  .bad actor turned tornado cash preferred tool laundering cryptocurrency proceeds non-fungible token scam  research firm elliptic enterprise wrote wednesday report .,Negative
67,"p‚Ä¶  +1014 char  .insider ""s"" expert choose best product service help make smart decision money ( here ) .",Positive
68,case  receive commission partner  however  opinion a‚Ä¶  +8777 char  .to absolutely clear : apple hosting crypto event screenshot bogus apple live stream actually seems crypto scam .,Negative
69,screenshot jay peter / verge someone you‚Ä¶  +2422 char  .streamer involved twitch gambling saga embroiled sexual assault allegation streamer involved twitch gambling saga embroiled sexual assault allegation / taking shot ‚Ä¶  +3773 char  .an app developer ‚Äô lawsuit app store rejection  scam fraud ended settlement agreement court filing show request dismiss suit earlier summer .,Negative
70,plaintiff  ap‚Ä¶  +5948 char  .twitch cracking gambling site streamer scammed peer ten thousand dollar fuel betting habit  kicking firestorm platform ha‚Ä¶  +3548 char  .the quest define exactly web3 use case look like ‚Äô always easy  allowed plenty founder get creative building product designed tap ethos decentral‚Ä¶  +2153 char  .a new investigation trafficking indonesian national cambodia shed light working condition caught shadowy world scamming people facebook .,Positive
71,"indo‚Ä¶  +2466 char  .kuala lumpur  sept 22 ( reuters ) - malaysian authority rescued 15 victim suspected cybercrime racket cambodia  foreign ministry said  government step effort help hund‚Ä¶  +1318 char  .insider ""s"" expert choose best product service help make smart decision money ( here ) .",Positive
72,"case  receive commission partner  however  opinion a‚Ä¶  +8777 char  .insider ""s"" expert choose best product service help make smart decision money ( here ) .",Positive
73,case  receive commission partner  however  opinion a‚Ä¶  +9504 char  .bad actor turned tornado cash preferred tool laundering cryptocurrency proceeds non-fungible token scam  research firm elliptic enterprise wrote wednesday report .,Negative
74,p‚Ä¶  +1014 char  .streamer involved twitch gambling saga embroiled sexual assault allegation streamer involved twitch gambling saga embroiled sexual assault allegation / taking shot ‚Ä¶  +3773 char  .with twitter trial date rapidly approaching  elon musk ‚Äô legal team sent subpoena former twitter head security peiter ‚Äú mudge ‚Äù zatko  filed whistleblower complaint compan‚Ä¶  +4830 char  .twitter blue subscriber get access later month illustration alex castro / verge twitter testing highly-requested edit tweet feature .,Negative
75,"year meme joke  editable‚Ä¶  +2353 char  .bangkok  sept 21 ( reuters ) - cambodian authority said raid underway week suspected cybercrime compound across southeast asian country  uncovering evidence human trafficking  il‚Ä¶  +3035 char  .by reuters staff tirana ( reuters ) - albanian police tuesday arrested fugitive turkish founder crypto-exchange thodex  wanted interpol suspected crypto fraud large year  ‚Ä¶  +1638 char  .tirana  aug 30 ( reuters ) - albanian police tuesday arrested fugitive turkish founder crypto-exchange thodex  wanted interpol suspected crypto fraud large year  police an‚Ä¶  +1919 char  .stockholm/milan  sept 2 ( reuters ) - hacking group blackcat behind recent attack italy ""s"" state-owned energy service firm gse  stole massive amount data threatened publish thei‚Ä¶  +1892 char  .the south korean government ""s"" official youtube channel hacked saturday morning broadcast video featuring billionaire elon musk chatting cryptocurrency  according local medium repo‚Ä¶  +1879 char  .ethereums biggest-ever upgrade took effect  industry expert calling game changer entire crypto sector .",Negative
76,thus far  sign suggest so-called merge designed to‚Ä¶  +7098 char  .the united state seized $ 30 million cryptocurrency stolen north korean-linked hacker lazarus popular online game axie infinity  crypto intelligence firm chainalysis said ‚Ä¶  +1155 char  .ethereum  blockchain underpins world second-largest crypto token ether  soon undergo major software upgrade promise slash amount energy needed create new coins‚Ä¶  +3296 char  .hacker steal $ 160 million crypto trading firm wintermute hacker steal $ 160 million crypto trading firm wintermute / series unauthorized transaction sent ten million dolla‚Ä¶  +3161 char  .if merge successful  drastically shrink cryptocurrencys energy use computer equipment used ethereum miner october 20  2021 vilassar de mar  spain .,Positive
77,photo manuel med‚Ä¶  +10018 char  .welcome interchange !,Positive
78,received inbox  thank signing vote confidence .,Positive
79,youre reading post site  sign receive d‚Ä¶  +11944 char  .weve seen headline : fintech struggling .,Negative
80,since last year  valuation 70 % -80 %  deal activity 67 % layoff plagued many former industry favorite .,Positive
81,fintech re‚Ä¶  +2564 char  .doordash  best buy  & amp ; also targeted buy something verge link  vox medium may earn commission .,Positive
82,see ethic statement .,Positive
83,"0ktapus phishing campaign one be‚Ä¶  +3639 char  .sept 15 ( reuters ) - ethereum  blockchain underpins world ""s"" second-largest crypto token ether  thursday underwent major software upgrade slash amount energy needed c‚Ä¶  +3510 char  .sept 9 ( reuters ) - ethereum  blockchain underpins world ""s"" second-largest crypto token ether  soon undergo major software upgrade promise slash amount energy needed‚Ä¶  +3433 char  .security researcher linked new cyber espionage campaign targeting u.s.  canadian japanese energy provider north korean state-sponsored lazarus hacking group .",Positive
84,"threat intelligence ‚Ä¶  +2541 char  .sept 24 ( reuters ) - australia ""s"" number two telecommunication company  optus  said saturday contacting customer cyberattack accessed personal detail 10 million custo‚Ä¶  +1972 char  .the south korean government ""s"" official youtube channel hacked saturday morning broadcast video featuring billionaire elon musk chatting cryptocurrency  according local medium repo‚Ä¶  +1879 char  .the united state seized $ 30 million cryptocurrency stolen north korean-linked hacker lazarus popular online game axie infinity  crypto intelligence firm chainalysis said ‚Ä¶  +1155 char  .ethereum  blockchain underpins world second-largest crypto token ether  soon undergo major software upgrade promise slash amount energy needed create new coins‚Ä¶  +3296 char  .ethereums biggest-ever upgrade took effect  industry expert calling game changer entire crypto sector .",Positive
85,thus far  sign suggest so-called merge designed to‚Ä¶  +7098 char  .hacker steal $ 160 million crypto trading firm wintermute hacker steal $ 160 million crypto trading firm wintermute / series unauthorized transaction sent ten million dolla‚Ä¶  +3161 char  .if merge successful  drastically shrink cryptocurrencys energy use computer equipment used ethereum miner october 20  2021 vilassar de mar  spain .,Negative
86,photo manuel med‚Ä¶  +10018 char  .security researcher linked new cyber espionage campaign targeting u.s.  canadian japanese energy provider north korean state-sponsored lazarus hacking group .,Positive
87,"threat intelligence ‚Ä¶  +2541 char  .sept 15 ( reuters ) - ethereum  blockchain underpins world ""s"" second-largest crypto token ether  thursday underwent major software upgrade slash amount energy needed c‚Ä¶  +3510 char  .sept 9 ( reuters ) - ethereum  blockchain underpins world ""s"" second-largest crypto token ether  soon undergo major software upgrade promise slash amount energy needed‚Ä¶  +3433 char  .hampton beach  n.h. six month texas held first primary 2022  season finale  new hampshire  rhode island delaware hold nominating contest tuesday .",Positive
88,"new hampshire  ‚Ä¶  +14349 char  .insider ""s"" expert choose best product service help make smart decision money ( here ) .",Positive
89,case  receive commission partner  however  opinion a‚Ä¶  +9504 char  .washington blake master running republican nomination senate arizona  floated called fresh innovative idea .,Positive
90,maybe privatize social security .,Positive
91,right‚Ä¶  +5726 char ,Positive
92,metalpay censor thought crime .,Negative
93,also bank crypto get great customer service .,Positive
94,"""its‚Ä¶"" . binance train law enforcement stop crypto crime . binance help kazakhstan regulate crypto space  combat crime linked cryptocurrencies .",Negative
95,‚Äô heard one single democrat acknowledge address crime  inflation major concern thi‚Ä¶.rt metalpay censor thought crime .,Negative
96,also bank crypto get great customer service .,Positive
97,"""s"" sim‚Ä¶ .",Positive
98,bill clinton womanizer since governor of‚Ä¶ .today : bny mellon ü§ù ü§ù two week ago : nasdaq handle crypto custody and‚Ä¶ .today : bny mellon ü§ù ü§ù two week ago : nasdaq crypto custody cryp‚Ä¶ .the penalty part expanding effort treasury department agency crack crypto cr‚Ä¶ le 2 year  joe biden ‚Äô policy created energy crisis  border crisis  crime crisis  educatio‚Ä¶.these hack funding crime syndicate rogue nation state actor  shit govt want kill crypto.rt brother üòçü•∞ü•∞ prominent cardano dev partner crime ‚ù§Ô∏è‚ù§Ô∏è‚Ä¶.my brother üòçü•∞ü•∞ prominent cardano dev partner crime .,Negative
99,crime picture ...... come managing financial crime risk crypto  trm lab highlighted ‚Äú age cry‚Ä¶ .,Negative
100,idk crypto crime pretty wild  kwon run iirc.i reported account appearing hacked .,Negative
101,please help twitter catch fraud .,Positive
102,lure‚Ä¶ .biden started inflation rising ending energy independence .,Positive
103,fed started raising interest rate .,Positive
104,no‚Ä¶ crime crisis hurting mom & amp ; pop shop .,Negative
105,paul li  president bay parkway business association  & amp ; brookl‚Ä¶.the penalty part expanding effort treasury department agency crack crypto cr‚Ä¶ bulgaria government second largest bitcoin holder world ( ~200 000 btc ) : crypto : -caused epic crypto-crime-wave ransomware/drug dealing/sex trafficking/money laundering/terrorism/sa‚Ä¶. cybersecurity privacy atty shardul desai discus crypto-related crime  regulation enforcement a‚Ä¶ .,Negative
106,war ; crime humanity .. please join u eye-opening discussion tuesday  oct.18  4pm crypto asset used crime  detect‚Ä¶ .,Negative
107,stop loss hunting insider trading desk .,Negative
108,wick whale harpoon ... crypto : -caused epic crypto-crime-wave ransomware/drug dealing/sex trafficking/money laundering/terrorism/sa‚Ä¶.is time review endpoint protection endpointsecurity nfts bitcoin crypto btc bsc dev video music‚Ä¶ crypto : -caused epic crypto-crime-wave ransomware/drug dealing/sex trafficking/money laundering/terrorism/sa‚Ä¶. coinbase binance list lunc .,Positive
109,literally funding scam artist like pocket‚Ä¶ .a super crypto webinar london in-person event coming 19 october centre financial crime se‚Ä¶ .27 year old californian indicted crypto money laundering conspiracy - cryptonews‚Ä¶ crypto : -caused epic crypto-crime-wave ransomware/drug dealing/sex trafficking/money laundering/terrorism/sa‚Ä¶.north korea lead crypto crime scene $ 1.59 billion stolen fund btc ripplenews secretcontracts enigma‚Ä¶ great first day acams la vega 3hr workshop mitigate financial crime risk crypto .,Negative
110,good stuff o‚Ä¶.rt never vaccine .,Positive
111,.,Positive
112,pro choice anti mandate .,Negative
113,categorically told were‚Ä¶ .,Positive
114,outsidethebox veganhippie outsidethebox veganhippie.aka jon drane convicted felon‚Ä¶ binance train law enforcement stop crypto crime .usd 30 billion = cost cybercrime blockchain per year .,Negative
115,cryptos reaching cybersecurity ser‚Ä¶ .,Positive
116,think would funny government went crypto proceeds of‚Ä¶ great first day acams la vega 3hr workshop mitigate financial crime risk crypto .,Positive
117,good stuff o‚Ä¶ .,Positive
118,thanks opportunity.your team amazing top notch game .,Positive
119,know always l‚Ä¶ crypto : -caused epic crypto-crime-wave ransomware/drug dealing/sex trafficking/money laundering/terrorism/sa‚Ä¶ .,Positive
120,democrat given u permanent 8 % increase food merchandise price .,Positive
121,gas price rising ag‚Ä¶ never vaccine .,Positive
122,.,Positive
123,pro choice anti mandate .,Negative
124,categorically told were‚Ä¶ .,Positive
125,owner rejected .,Negative
126,tried drown toilet .,Negative
127,"""re"" ready fall guy st‚Ä¶ .please join u eye-opening discussion tuesday  oct.18  4pm crypto asset used crime  de‚Ä¶ passcon global roadshow 2020 - proud announce go unique anti-financial-crime 24/7 one-stop-shop glob‚Ä¶.rt faithful little crime ... . ca ""nt"" sleep bitcoin maxi .",Positive
128,read say : toxic .,Positive
129,"`` crypto """" a‚Ä¶ .crypto crime-centered justice division chief leaving : report ... cryptocurrency sponsor .",Positive
130,point existing crypto network scam  money laundering  crime - like russia.crypto bad guy vs. 150 u.s. prosecutor - win ?,Negative
131,crypto cryptonews cryptocurrency business democrat babbling abortion trans right  american actually worried putting food t‚Ä¶.rt crypto : -caused epic crypto-crime-wave ransomware/drug dealing/sex trafficking/money laundering/terrorism/sa‚Ä¶.great first day acams la vega 3hr workshop mitigate financial crime risk crypto .,Negative
132,"good‚Ä¶ .everything crypto crime may well scam bag try best make alive ‚úåÔ∏è.rt crypto : -caused epic crypto-crime-wave ransomware/drug dealing/sex trafficking/money laundering/terrorism/sa‚Ä¶.rt crypto : -caused epic crypto-crime-wave ransomware/drug dealing/sex trafficking/money laundering/terrorism/sa‚Ä¶. binance hold crypto security training workshop national bank georgia nation ‚Äô financial monit‚Ä¶ crypto : -caused epic crypto-crime-wave ransomware/drug dealing/sex trafficking/money laundering/terrorism/sa‚Ä¶.rt token ""nt"" sustainable  fact  incredible detriment entire industry .",Positive
133,token crypto probably f‚Ä¶ .,Positive
134,occurred using bitcoin proceeds crime/money actually mor‚Ä¶ crypto : -caused epic crypto-crime-wave ransomware/drug dealing/sex trafficking/money laundering/terrorism/sa‚Ä¶.rt crypto : -caused epic crypto-crime-wave ransomware/drug dealing/sex trafficking/money laundering/terrorism/sa‚Ä¶.rt crypto : -caused epic crypto-crime-wave ransomware/drug dealing/sex trafficking/money laundering/terrorism/sa‚Ä¶.rt crypto : -caused epic crypto-crime-wave ransomware/drug dealing/sex trafficking/money laundering/terrorism/sa‚Ä¶.rt crypto : -caused epic crypto-crime-wave ransomware/drug dealing/sex trafficking/money laundering/terrorism/sa‚Ä¶.rt crypto : -caused epic crypto-crime-wave ransomware/drug dealing/sex trafficking/money laundering/terrorism/sa‚Ä¶.rt crypto : -caused epic crypto-crime-wave ransomware/drug dealing/sex trafficking/money laundering/terrorism/sa‚Ä¶.rt crypto : -caused epic crypto-crime-wave ransomware/drug dealing/sex trafficking/money laundering/terrorism/sa‚Ä¶.rt crypto : -caused epic crypto-crime-wave ransomware/drug dealing/sex trafficking/money laundering/terrorism/sa‚Ä¶.rt crypto : -caused epic crypto-crime-wave ransomware/drug dealing/sex trafficking/money laundering/terrorism/sa‚Ä¶.rt crypto : -caused epic crypto-crime-wave ransomware/drug dealing/sex trafficking/money laundering/terrorism/sa‚Ä¶.rt crypto : -caused epic crypto-crime-wave ransomware/drug dealing/sex trafficking/money laundering/terrorism/sa‚Ä¶.rt crypto : -caused epic crypto-crime-wave ransomware/drug dealing/sex trafficking/money laundering/terrorism/sa‚Ä¶.rt crypto : -caused epic crypto-crime-wave ransomware/drug dealing/sex trafficking/money laundering/terrorism/sa‚Ä¶.crypto : -caused epic crypto-crime-wave ransomware/drug dealing/sex trafficking/money laundering/terrori‚Ä¶ joe biden say climate change threat nation open border rampant crime .,Negative
135,wake america ! .fed going big surprise attempt load üí© .,Positive
136,know digital ( crypto ) currency = social‚Ä¶ .,Positive
137,dollarback seek develop powerful online network ready fight financial crime recover los‚Ä¶ .rugpulls common crypto .,Negative
138,"key trend crypto based crime : 1.defi ‚Äô rise 2.ransomware 3.malware 4.scams 5. st‚Ä¶ .according report  crypto crime highest ever 2021.crypto txn volume grew 567 % 2020 ""s"" tota‚Ä¶ .tokens ""nt"" sustainable  fact  incredible detriment entire industry .",Negative
139,token crypto will‚Ä¶ funny like 100 % ppl claiming airdrop u citizen resident therefore committing crime yet they‚Ä¶ .,Positive
140,democrat control would continue recession  super high inflation  crazy high‚Ä¶ .and 74 % respondent believe agency ‚Äô well-equipped investigate cryptocurrency-related crime .,Negative
141,relat‚Ä¶ would work law-enforcement official ‚Äú track trac‚Ä¶.rt would work law-enforcement official ‚Äú track trac‚Ä¶ .,Positive
142,would work law-enforcement official ‚Äú track‚Ä¶ .,Positive
143,biden wide open border  let 6 million ilegals  bidens jacking up‚Ä¶ biden & amp ; merry ban useful idiot u .,Negative
144,itüëáüèæ 1. inflation 2. precipice ww3 4. high ‚õΩÔ∏è price 5. h‚Ä¶.rt getaway driver finna get 0 star üò≠ fight hoodfights crypto hood school schoolfights hoodshit barbie viral trump wo‚Ä¶ .,Negative
145,course crypto owned controlled billionaire hedge fund managers‚Ä¶ .very crypto exchange  would position compensate account holder  major portion deposi‚Ä¶ .,Positive
146,however  centralized stablecoins also frozen .,Positive
147,feature benefit prev‚Ä¶ .,Positive
148,nurse abused pfizer oct 9 2022 justice privacy wealth crime bitcoin freedom crypto‚Ä¶ another week stock market crime ahead u .,Positive
149,usual  market maker hf trader use every loophole explo‚Ä¶.rt couple mistakenly paid $ 10.5m defends spending spree contest winning cr‚Ä¶. crime exchange legal couple mistakenly paid $ 10.5m defends spending spree contest‚Ä¶ .join trm & amp ; vega next week  discussing crypto investigation  looking at‚Ä¶ .,Negative
150,"controversial part ""black"" """" & amp ; ""white"" """" adjectives/labels/qualifiers discuss‚Ä¶ el salvador looking .",Negative
151,"decentralised economy  adopted crypto official currency  cracked 100 % o‚Ä¶.rt crypto trader wey dey use money mean money run police go still dey ask crypto ‚Äô re‚Ä¶. buy today ""s"" `` birth christ """" 10Íú© buying painting crime ?",Negative
152,buy w‚Ä¶ .mastercard launch new product help bank combat crypto-related crime .,Negative
153,el salvador looking .,Positive
154,decentralised economy  adopted crypto official currency  cracked d‚Ä¶ .payments giant mastercard launch cryptocurrency anti-fraud tool card issuer mastercard ‚Äô cryptocurrencies s‚Ä¶ .,Positive
155,would want combat next-generation crypto crime cross-chain world ? .1 .,Negative
156,crypto security saas .,Positive
157,"acquired """" platform determines risk crime associated cryp‚Ä¶ .do want know exactly criminal laundered $ 4 billion-worth illicit crypto proceeds since 202‚Ä¶ .mastercard pushing deeper crypto world new crypto secure product .",Negative
158,new tool expected to‚Ä¶ .,Positive
159,latest cryptocurrency crime anti-money laundering report  look volatile month  zeroing‚Ä¶ .re-posted rohas nagpal cryptocrime cryptocurrency cryptoassets virtualassets vasp crime cybercrime‚Ä¶ .üëç mastercard launch new product help bank combat crypto-related crime.mastercard push deeper crypto new tool combating fraud crypto secure help bank ass the‚Ä¶ .mastercard launch new product help bank combat crypto-related crime via .‚úç nft editorial hub üåê britain introduce new bill crack crypto crime : nft.rt binance hosted series crypto blockchain workshop law enforcement agency brazil argentina .,Negative
160,worksh‚Ä¶ .,Positive
161,crypto crime ! according mastercard launch new product called cryptosecure tha‚Ä¶ .increasing crypto crime cross-chain  dexes result ~ $ 4b laundering mastercard launch new product called crypto secure help bank ass risk crime associated crypto merch‚Ä¶. payment giant mastercard launched new tool fight crypto fraud .,Negative
162,security blockchain‚Ä¶ .increasing crypto crime cross-chain  dexes result ~ $ 4b laundering crypto has‚Ä¶ .‚úç nft editorial hub üåê britain introduce new bill crack crypto crime : nft.mastercard launch new product help bank combat crypto-related crime - cryptoslate .victim crypto crime ?,Negative
163,"good luck getting help lawenforcement : cybercrime cryptocurrency.increasing crypto crime cross-chain  dexes result ~ $ 4b laundering - watcher guru .cryptocurrencies pose risk stability u financial system gap regulation must addressed  t‚Ä¶ .mastercard push deeper crypto launching new product called crypto secure help bank ass ri‚Ä¶ .increasing crypto crime cross-chain  dexes result ~ $ 4b laundering | crypto .gm/ga/gn increasing crypto crime cross-chain  dexes result ~ $ 4b laundering .increasing crypto crime cross-chain  dexes result ~ $ 4b laundering basically biden family actual crime syndicate medium spent 6 year pretending trump ""s"" .. artificialintelligence crypto crime üöÄ crypto secure platform powered artificialintelligence algo‚Ä¶. artificialintelligence crypto crime üöÄ crypto secure platform powered artificialintelligence‚Ä¶ .increasing crypto crime cross-chain  dexes result ~ $ 4b laundering cryptonews‚Ä¶ .increasing crypto crime cross-chain  dexes result ~ $ 4b laundering crypto gotten popular  so‚Ä¶ .mastercard launch new product help bank combat crypto-related crime .",Negative
164,crypto secure software .,Positive
165,bitcoin.rt oct. 4 report titled ‚Äú state cross-chain crime  ‚Äù elliptic researcher eray arda akartuna thibaud madel‚Ä¶.in oct. 4 report titled ‚Äú state cross-chain crime  ‚Äù elliptic researcher eray arda akartuna thibaud ma‚Ä¶ .mastercard launch new product help bank combat crypto-related crime cryptocurrency‚Ä¶ .the dark night online | blockchain investigation - persistence key - quick update follower - still busy pre‚Ä¶ .scumbag .,Negative
166,crypto used crime .,Negative
167,"fbi : tracked printing secret document unmask ex‚Ä¶ .according mastercard launch new product called cryptosecure help bank as‚Ä¶ .mastercard launch new product help bank combat crypto-related crime . $ agix ai agi plan sitting documenting every `` exciting """" partnership ""s"" died along every lie‚Ä¶ .",Negative
168,( 1/2 ) * binance train law enforcement stop crypto crime ( gotbitcoin ) ‚Äú ‚Äô first industry-led ini‚Ä¶ .mastercard us ai fight crypto crime üëâ solana bitcoin eth usdinr‚Ä¶ .mastercard float new compliance product alongside ciphertrace october 05  2022 06:05am mastercard partne‚Ä¶ .,Negative
169,partnered newly acquired subsidiary  ciphertrace  launch new product called crypto se‚Ä¶ .,Positive
170,thanks opportunity.your team amazing top notch game .,Positive
171,know always luc‚Ä¶ .‚úç nft editorial hub üåê britain introduce new bill crack crypto crime : nft.rt ‚Äú facing uptick hate crime online hindu-phobia .,Negative
172,"seeing ""re"" making progress prosecuting the‚Ä¶.mastercard launch new product help bank combat crypto-related crime .",Negative
173,"crypto cryptocurrency‚Ä¶ .mastercard announced would debut software product help bank detect block fraudulent transaction fr‚Ä¶ .mastercard launch new product help bank combat crypto-related crime buy today ""s"" `` busto da gato florence """" 10Íú© buying painting crime commit.‚Ä¶.mastercard launch new product help bank combat crypto-related crime mastercard launch new product help bank combat crypto-related crime crime.mastercard launch new product help bank combat crypto-related crime crime.mastercard launch new product help bank combat crypto-related crime . catnews crypto tech mastercard launch new product help bank combat crypto-related crime - .mastercard launch new product help bank combat crypto-related crime .mastercard launch new product help bank combat crypto-related crime .mastercard launch new product help bank combat crypto-related crime bitcoin nfts .mastercard launch new product help bank combat crypto-related crime mastercard launch new product help bank combat crypto-related crime .mastercard launch new product help bank combat crypto-related crime .how binance training law enforcement around world combat crypto crime - decrypt .mastercard launch new product help bank combat crypto-related crime .mastercard launch new product help bank combat crypto-related crime cryptonews crypto .mastercard launch new product help bank combat crypto-related crime .mastercard launch new product help bank combat crypto-related crime .mastercard launch new product help bank combat crypto-related crime .mastercard launch new product help bank combat crypto-related crime cryptocurrencynews $ btc $ eth.ü§ìü§îüëç knownews blockchain cryptocurrency cryptoandtech mastercard launch new product help bank combat . crime mastercard launch new product help bank combat crypto-related crime -‚Ä¶ . crime mastercard launch new product help bank combat crypto-related crime asked official public safety canada  rcmp  cdn firearm program data support minis‚Ä¶.whitelist voluntary .",Negative
174,"need 5 hard mfers recreate new york ""s"" finest taxi service  crypto instead blood diamon‚Ä¶ mastercard service called ""crypto"" secure """" help bank ass risk crime associated crypto merchants‚Ä¶.rt mastercard launching new product called crypto secure help bank ass risk crime associated cr‚Ä¶.rt binance hosted series crypto blockchain workshop law enforcement agency brazil argentina .",Negative
175,worksh‚Ä¶ .,Positive
176, clearly mischaracterizing argument .,Positive
177,sayi‚Ä¶ .mastercard launch ai tool help bank ass crypto crime mastercard crypto .michael hill jeweller buy diamond certified mined humane condition .,Negative
178,pos‚Ä¶ .the lesson government arrest someone bitcoin crime seize hardware wallet  yo‚Ä¶ crypto trader wey dey use money mean money run police go still dey ask crypto ‚Äô yahoo bc‚Ä¶.rt person try justify crime dictator show opposite .,Negative
179,‚Äô let please voice‚Ä¶.as crypto trader wey dey use money mean money run police go still dey ask crypto ‚Äô yahoo j‚Ä¶ .,Positive
180,crypto trader wey dey use money mean money run police go still dey ask crypto‚Ä¶ .,Positive
181,crypto trader wey dey use money mean money run police go still dey ask‚Ä¶ .,Positive
182,crypto trader wey dey use money mean money run police go still d‚Ä¶ .,Positive
183,crypto trader wey dey use money mean money run police go still d‚Ä¶ .,Positive
184,crypto trader wey dey use money mean money run police go still dey ask crypto y‚Ä¶ .,Positive
185,crypto trader wey dey use money mean money run police go still dey ask crypto yo‚Ä¶ .crypto crime : $ 4 billion illicit digital asset laundered way - marketwatch .mastercard introduces product called crypto secure help bank ass risk crime linked crypto‚Ä¶ .,Negative
186,must remove one ... u come crime enjoy one life fullest .. well would remove yo‚Ä¶ chinese authority said arrested 93 suspected member crime group accused laundering $ 5.6 billion using virtual cu‚Ä¶.rt : binance special team training law enforcement around world combat crypto crime.rt chinese authority said arrested 93 suspected member crime group accused laundering $ 5.6 billion using virtual cu‚Ä¶.rt mastercard adopts ai fight tackle crypto crime mastercard crypto crime ai.mastercard adopts ai fight tackle crypto crime mastercard crypto crime ai.rt mastercard adopts ai fight tackle crypto crime mastercard crypto crime ai.mastercard adopts ai fight tackle crypto crime mastercard crypto crime ai.get daily  bite-sized digest ... read üëâ adoption art banking beeple‚Ä¶ chinese authority said arrested 93 suspected member crime group accused laundering $ 5.6 billion using virtual cu‚Ä¶ .,Negative
187,security crypto space : rug pull  scam  white hat hacker  cyber crime  top cybersecurity crypt‚Ä¶ .mastercard ‚Äô new service  cryptosecure  aimed help bank find prevent fraud crypto merchant platforms‚Ä¶ .,Negative
188,"crypto finance child snuff movie kkk white supremacist pay per view tort‚Ä¶ .excited kick new `` financial crime matter """" season colleague joby carpenter discussing current c‚Ä¶ .",Negative
189,many crypto forex trader nigeria  ever com‚Ä¶ kazakhstan  crypto-friendly everüá∞üáø announced partnership kazakhstan fight financial crim‚Ä¶.us treasury secretary janet yellen warns cryptocurrencies pose risk u financial system .,Negative
190,according re‚Ä¶ .,Positive
191,crypto finance child snuff movie kkk white supremacist pay per view torture suggest‚Ä¶ .,Negative
192,bigger crime crypto xrp 8x xlm .. crypto finance child snuff movie kkk white supremacist pay per view torture sugges‚Ä¶ .,Negative
193,crypto finance child snuff movie kkk white supremacist pay per view torture suggest‚Ä¶ .,Negative
194,crypto finance child snuff movie kkk white supremacist pay per view torture suggestio‚Ä¶ .,Negative
195,crypto finance child snuff movie kkk white supremacist pay per view torture suggestion people‚Ä¶ .,Negative
196,crypto finance child snuff movie kkk white supremacist pay per view torture suggestion people t‚Ä¶ .mastercard adopts artificial intelligence fight tackle crypto crime person try justify crime dictator show opposite .,Negative
197,‚Äô let please voice‚Ä¶.are victim crypto crime ?,Negative
198,good luck getting help .crypto crime : $ 4 billion illicit digital asset laundered way $ btc.x $ eth.x $ doge.x.rt cryptocurrencies pose risk stability u financial system gap regulation must addressed  treasury‚Ä¶ .,Positive
199,love hate relationship xrp crypto general reason one hand coul‚Ä¶ .mastercard adopts ai fight tackle crypto crime .crypto crime : $ 4 billion illicit digital asset laundered way - finance altcoin markets.crypto crime : $ 4 billion illicit digital asset laundered way .,Negative
200,crypto crime .,Negative
201,"yeah ""s"" wild .",Positive
202,crime lot lower  redacted  still got ta careful .,Negative
203,my‚Ä¶ .,Positive
204,"look joe ""biden‚Ä¶"" .",Positive
205,"100 % e meeting crime.rt colleague launched new product called crypto secure help bank ass risk crime associated with‚Ä¶.this exciting new product help bank ass risk crime associated crypto merchant network. buy today ""s"" `` busto da gato florence """" 10Íú© buying painting crime canno‚Ä¶ .",Negative
206,"stakeboarding crime.rt news update : launch cryptocurrency anti-fraud tool card issuer  helping bank determine risk‚Ä¶.my colleague launched new product called crypto secure help bank ass risk crime associate‚Ä¶ .digital front door """" advantage meeting population health need nfts bitcoin crypto btc bsc dev video‚Ä¶ ‚Äú mastercard tuesday launch new product called crypto secure help bank ass risk crime associ‚Ä¶.rt every bank  every shadow bank  every hedge fund  every broker .",Negative
207,list go .,Positive
208,crime pay shambolic regulat‚Ä¶ .,Negative
209,"violent crime 2014 361.6 per 100000. today ""s"" 400 per 100000. crime‚Ä¶ .want learn latest news sec charging kim kardashian unlawfully touting crypto security in‚Ä¶ .also  keep mind  unlawful send code 76 crypto security across u. s. border could lead th‚Ä¶ .and finally  2 major crypto-related police raid last week .",Negative
210,1. brazilian fed police raided 6 unnamed cr‚Ä¶ .every bank  every shadow bank  every hedge fund  every broker .,Positive
211,list go .,Positive
212,crime pay shambolic r‚Ä¶ .new crypto crime anti-money laundering report q2 2022 trend  news story global regulatory change .,Negative
213,a‚Ä¶ .mastercard launching new product help bank determine risk crime associated cryptocurrency exch‚Ä¶ arda akartuna  senior threat analyst elliptic explains crosschain crime increasingly becoming pro‚Ä¶.rt know exactly criminal laundered $ 4 billion worth illicit crypto proceeds since 2020 combat‚Ä¶.mastercard tuesday launch new product called crypto secure help bank ass risk crime asso‚Ä¶ ‚ö†Ô∏èüöÄlaunching - state cross-chain crime report explores illicit cross-chain activity tune $ 4bn  an‚Ä¶ .,Negative
214,crypto finance child snuff movie kkk white supremacist pay per view torture sugge‚Ä¶ .,Negative
215,"curious - number back `` criminal getting bolder desperate . """"",Negative
216,"gen‚Ä¶ .mastercard launch crypto secure  service help bank ass risk crime associated crypto me‚Ä¶ kazakhstan  crypto-friendly everüá∞üáø announced partnership kazakhstan fight financial crim‚Ä¶.rt kazakhstan  crypto-friendly everüá∞üáø announced partnership kazakhstan fight financial crim‚Ä¶.rt kazakhstan  crypto-friendly everüá∞üáø announced partnership kazakhstan fight financial crim‚Ä¶.rt kazakhstan  crypto-friendly everüá∞üáø announced partnership kazakhstan fight financial crim‚Ä¶.rt kazakhstan  crypto-friendly everüá∞üáø announced partnership kazakhstan fight financial crim‚Ä¶.rt defi become crypto crime ‚Äô main arena  crystal blockchain say $ ttc techtrees debut new piece software help bank identify & amp ; cut transaction fraud-prone crypt‚Ä¶.one best crypto crime caper story ""ve"" read .",Negative
217,"guy stole bitcoin hard wallet locked in‚Ä¶ .mastercard push deeper crypto new tool combating fraud/assess risk crime associated cry‚Ä¶ mastercard service called ""crypto"" secure """" help bank ass risk crime associated crypto merchants‚Ä¶.arda akartuna  senior threat analyst elliptic explains crosschain crime increasingly beco‚Ä¶ .are victim crypto crime ?",Negative
218,"good luck getting help local law enforcement ‚Äô ready deal new ty‚Ä¶ .kazakhstan  crypto-friendly everüá∞üáø announced partnership kazakhstan fight financia‚Ä¶ üî•üëáüèª * mastercard launch new product called crypto secure help bank ass risk crime associated crypto‚Ä¶.mastercard adopts artificial intelligence fight tackle crypto crime - ‚Äú mastercard tuesday launch new product called crypto secure help bank ass risk crime associ‚Ä¶.it ""s"" clear counter general perception crypto exchange ""nt"" care crypto crime w‚Ä¶ mastercard service called ""crypto"" secure """" help bank ass risk crime associated crypto merchants‚Ä¶.rt crypto secure  new mastercard tool combating fraud mastercard cryptosecure crypto cryptocurrency blockch‚Ä¶.crypto secure  new mastercard tool combating fraud mastercard cryptosecure crypto cryptocurrency‚Ä¶ .üá∞üáø reportedly signed memorandum understanding ( mou ) kazakhstan ‚Äô financial monitoring agency‚Ä¶ .payments giant mastercard launch cryptocurrency anti-fraud tool card issuer mastercard ‚Äô crypto secure produ‚Ä¶ .a push regulation new global cbdc financial system ushered completely collapse the‚Ä¶ debut new piece software help bank identify & amp ; cut transaction fraud-prone crypt‚Ä¶ .",Negative
219,debut new piece software help bank identify & amp ; cut transaction fraud-prone cr‚Ä¶ .,Positive
220,sure crime pay sec !,Negative
221,look bill hinman  made 15 million dollar wrecked‚Ä¶ .new video !,Positive
222,craziest crypto heist ever !,Negative
223,hacker stole $ 4 billion bitcoin bitcoin eth crime crypto.rt binance training law enforcement around world combat crypto crime - decrypt tech blockchain web3 crypto‚Ä¶.economic crime bill raise crypto concern - international financial law review .how binance training law enforcement around world combat crypto crime - decrypt tech blockchain web3‚Ä¶ .cryptocurrencies pose risk stability u financial system gap regulation must addressed  t‚Ä¶ .cryptocurrencies pose risk stability u financial system gap regulation must addressed  t‚Ä¶ .business insider - cryptocurrencies pose risk stability u financial system gap regulation m‚Ä¶ .cryptocurrencies pose risk stability u financial system gap regulation must addressed  t‚Ä¶ .crypto secure software released help bank determine risk crime associated crypto exchang‚Ä¶ north korean cybercriminals launched least 7 attack cryptocurrency platform extracting u $ 400m worth digital‚Ä¶.business insider : cryptocurrencies pose risk stability u financial system gap regulation mu‚Ä¶ north korean cybercriminals launched least 7 attack cryptocurrency platform extracting u $ 400m worth digital‚Ä¶ .,Negative
224,launch new product called crypto secure help bank ass risk crime associated wi‚Ä¶ .cryptocurrencies pose risk stability u financial system gap regulation must addressed  t‚Ä¶ cryptocurrencies pose risk stability u financial system gap regulation must addressed  treasury‚Ä¶.north korean cybercriminals launched least 7 attack cryptocurrency platform extracting u $ 400m worth d‚Ä¶ .,Negative
225,come  brise community unite attack xt com closure coinbrise withdrawals‚Ä¶ .cryptocurrencies pose risk stability u financial system gap regulation must addressed  t‚Ä¶ chinese authority said arrested 93 suspected member crime group accused laundering $ 5.6 billion using virtual cu‚Ä¶.on october 4  elliptic  blockchain analytics firm  released new report titled `` state cross-chain crime 2‚Ä¶ . ‚Äú mastercard tuesday launch new product called crypto secure help bank ass risk crime ass‚Ä¶ cryptocurrencies pose risk stability u financial system gap regulation must addressed  treasury‚Ä¶.cryptocurrencies pose risk stability u financial system gap regulation must addressed  t‚Ä¶ .cryptocurrencies pose risk stability u financial system gap regulation must addressed  t‚Ä¶ .an end scammer binance make move stop crypto related scam .,Negative
226,". $ mastercard tuesday launch new product called crypto secure help bank ass risk crime‚Ä¶ . crypto news : `` mastercard adopts artificial intelligence fight tackle crypto crime """" mastercard launching new product called crypto secure help bank ass risk crime associated cr‚Ä¶.rt : binance special team training law enforcement around world combat crypto crime .",Negative
227,crypto finance child snuff movie kkk white supremacist pay per view torture suggestion people‚Ä¶ ‚ö†Ô∏èüöÄlaunching - state cross-chain crime report explores illicit cross-chain activity tune $ 4bn  an‚Ä¶ .,Negative
228,crypto finance child snuff movie kkk white supremacist pay‚Ä¶ .mastercard adopts ai fight tackle crypto crime .,Negative
229,crypto finance child snuff movie kkk white supremacist pay per view torture sug‚Ä¶ .,Negative
230,service powered ciphertrace  blockchain security startup mastercard acquired la‚Ä¶ .‚ö†Ô∏èüöÄlaunching - state cross-chain crime report explores illicit cross-chain activity tune ove‚Ä¶ .üî•üëáüèª * mastercard launch new product called crypto secure help bank ass risk crime associated‚Ä¶ .,Negative
231,russia mafia state .,Positive
232,problem thug manage anything complex avocado‚Ä¶ .,Negative
233,bogota lower violent crime rate indianapolis .,Negative
234,"concentrated tourist w‚Ä¶ .ogiekpolor ""s"" sentencing follows conviction five co-conspirators  accused con‚Ä¶ .",Negative
235,crypto finance child snuff movie kkk white supremacist pay per view torture suggestion people traff‚Ä¶ defi become crypto crime ‚Äô main arena  crystal blockchain say $ ttc techtrees : binance special team training law enforcement around world combat crypto crime .,Negative
236,crypto finance child snuff movie kkk white supremacist pay per view torture suggestion peop‚Ä¶ .mastercard push deeper crypto new tool combating fraud mastercard tuesday launch new pro‚Ä¶ .binance train law enforcement stop crypto crime .mastercard adopts ai fight tackle crypto crime .,Negative
237,launching global law enforcement training program `` crypto  becomes  widely adopted  criminals‚Ä¶ .,Positive
238,crypto finance child snuff movie kkk white supremacist pay per view torture suggest‚Ä¶ .,Negative
239,crypto finance child snuff movie kkk white supremacist pay per view torture with‚Ä¶ .mastercard adopts ai fight tackle crypto crime sentiment : neutral brief : .,Negative
240,crypto finance child snuff movie kkk white supremacist pay per view torture sug‚Ä¶ .crypto news  mastercard adopts ai fight tackle crypto crime .crypto news  mastercard adopts ai fight tackle crypto crime .,Negative
241,crypto finance child snuff movie kkk white supremacist pay per view torture s‚Ä¶ .,Negative
242,"crypto finance child snuff movie kkk white supremacist pay per view tort‚Ä¶ .mastercard adopts artificial intelligence fight tackle crypto crime .kim kardashian ""s"" crypto hustle america ""s"" crime century .",Negative
243,mean ?,Positive
244,( 1/789 ) .,Positive
245,"crypto finance child snuff movie kkk white supremacist pay per view torture sugges‚Ä¶ news update : launch cryptocurrency anti-fraud tool card issuer  helping bank determine risk‚Ä¶.rt news update : launch cryptocurrency anti-fraud tool card issuer  helping bank determine risk‚Ä¶.mastercard adopts ai fight tackle crypto crime - beincrypto : mastercard adopts ai fight tackle crypto c‚Ä¶ .mastercard adopts ai fight tackle crypto crime - beincrypto .-mastercard launch cryptocurrency anti-fraud tool help card issuer determine risk crime associated wit‚Ä¶ . buy today ""s"" `` busto da gato florence """" 10Íú© buying painting crime never‚Ä¶ .mastercard launch ai tool help bank ass crypto crime .binance train law enforcement stop crypto crime news update : launch cryptocurrency anti-fraud tool card issuer  helping bank determine risk‚Ä¶.rt news update : launch cryptocurrency anti-fraud tool card issuer  helping bank determine risk‚Ä¶.these safeguard help prevent financial crime keep law enforcement agency crypto space .",Negative
246,t‚Ä¶ mastercard launching new product called crypto secure help bank ass risk crime associated cr‚Ä¶ .,Negative
247,crypto finance child snuff movie kkk white supremacist pay per view torture sugges‚Ä¶ .,Negative
248,crypto finance child snuff movie kkk white supremacist pay per view torture su‚Ä¶ .news update : launch cryptocurrency anti-fraud tool card issuer  helping bank determine r‚Ä¶ .,Negative
249,crypto finance child snuff movie kkk white supremacist pay per view torture sug‚Ä¶ .,Negative
250,crypto finance child snuff movie kkk white supre‚Ä¶ .,Positive
251,"crypto finance child snuff movie kkk white supremacist pay per view tort‚Ä¶ mastercard service called ""crypto"" secure """" help bank ass risk crime associated crypto merchants‚Ä¶ .",Negative
252,crypto finance child snuff movie kkk white supremacist pay per view torture sugge‚Ä¶ üá∫üá∏ u department justice open digital asset crime division üë©\u200d‚öñÔ∏è coinbase sued $ 350 million‚Ä¶.mastercard adopts artificial intelligence fight tackle crypto crime bitcoin nfts crypto exchange given numeric score & amp ; colour code based risk crime occurring platform .,Negative
253,card i‚Ä¶ .,Positive
254,crypto finance child snuff movie kkk white supremacist pay per view torture sugge‚Ä¶ .mastercard adopts ai fight tackle crypto crime .mastercard launching new product called crypto secure help bank ass risk crime associated wi‚Ä¶ .mastercard adopts artificial intelligence fight tackle crypto crime .mastercard adopts artificial intelligence fight tackle crypto crime .mastercard adopts artificial intelligence fight tackle crypto crime . market artificialintelligenceai blockchain cryptocrime mastercard adopts artificial intelligence fight t‚Ä¶ .,Negative
255,penalty crime fine  ‚Äô penalty poor people .. mastercard adopts ai fight tackle crypto crime .mastercard adopts artificial intelligence fight tackle crypto crime .mastercard adopts artificial intelligence fight tackle crypto crime mastercard launching system asse‚Ä¶ mastercard launching new product called crypto secure help bank ass risk crime associated cr‚Ä¶.rt bitcoin slump ahead fed decision  doj take action curb crypto crime : cnbc crypto world ‚Äî üá∞üáøü§ùü™ô binance cooperate kazakhstan fight financial crime !,Negative
256,crypto regulation .mastercard push deeper crypto new tool combating fraud - cnbc crime‚Ä¶ collaboration key come investigating & amp ; prosecuting crypto-enabled crime & amp ; money laundering .,Negative
257,increase this‚Ä¶ .,Positive
258,"understanding fdic work ""nt"" making valid poi‚Ä¶ ah  crime failing put ad post shilling crypto scam.mastercard launch ai tool help bank ass crypto crime - tokenist .üá∞üáø signed memorandum understanding kazakh governing  expressing mutual interest sa‚Ä¶ ‚ö°Ô∏è announced launch new cryptosecure software mastercard launch cryptosecure  new pro‚Ä¶.rt üá∫üá∏ u department justice open digital asset crime division üë©\u200d‚öñÔ∏è coinbase sued $ 350 million‚Ä¶.rt üá∞üáøü§ùü™ô binance cooperate kazakhstan fight financial crime !",Negative
259,crypto regulation .never liked jenner .,Negative
260,family resembles trump crime family uk introduces law seize  freeze recover crypto economic crime corporate transparency bill meant build on‚Ä¶.rt ‚ö°Ô∏è announced launch new cryptosecure software mastercard launch cryptosecure  new pro‚Ä¶.rt ‚ö°Ô∏è announced launch new cryptosecure software mastercard launch cryptosecure  new pro‚Ä¶.rt ‚ö°Ô∏è announced launch new cryptosecure software mastercard launch cryptosecure  new pro‚Ä¶.‚ö°Ô∏è announced launch new cryptosecure software mastercard launch cryptosecure  a‚Ä¶ chinese authority said arrested 93 suspected member crime group accused laundering $ 5.6 billion using virtual cu‚Ä¶.icymi : mastercard launched ai-powered tool help bank ass merchant crypto-related crime.‚Ä¶ .uk introduces law seize  freeze recover crypto economic crime corporate transparency bill meant‚Ä¶ .,Negative
261,escalating crime ü§£.not buying ada price crime .,Negative
262,.,Positive
263,"cardano crypto cryptocurrency.mastercard ‚Äô crypto secure product help bank determine risk crime associated crypto exchange payment network .. mastercard service called ""crypto"" secure """" help bank ass risk crime associated crypto merchants‚Ä¶.rt ‚ö†Ô∏è mastercard push deeper crypto new tool combating fraud mastercard today launch new product called cryp‚Ä¶.published youtube : binance sign mou kazakhstan fight financial crime crypto‚Ä¶ mastercard service called ""crypto"" secure """" help bank ass risk crime associated crypto merchants‚Ä¶.mastercard ‚Äô crypto secure product help bank determine risk crime associated crypto exchange i‚Ä¶ .payments giant mastercard launch cryptocurrency anti-fraud tool card issuer mastercard ‚Äô crypto secure pro‚Ä¶ .around 90 % firm applied fca authorisation crypto service either withdrew failed obtain aut‚Ä¶ .mastercard launch crptosecure software us sophisticated artificial intelligence algorithm determine the‚Ä¶ üì£ launch new product called crypto secure help bank ass risk crime associated cry‚Ä¶.üì£ launch new product called crypto secure help bank ass risk crime associated w‚Ä¶ : binance special team training law enforcement around world combat crypto crime.gm/ga/gn crime mastercard push deeper crypto new tool combating fraud - cnbc .economic crime bill raise crypto concern - iflr .mastercard launching new product called crypto secure help bank ass risk crime associated wi‚Ä¶ defi become crypto crime ‚Äô main arena  crystal blockchain say $ ttc techtrees .",Negative
264,"tell dog‚Ä¶.and let ‚Äô forget crime committed murderer got‚Ä¶ : binance special team training law enforcement around world combat crypto crime.mastercard launching new product called crypto secure help bank ass risk crime associated wi‚Ä¶ .crypto exchange given numeric score & amp ; colour code based risk crime occurring platforms.‚Ä¶ mastercard service called ""crypto"" secure """" help bank ass risk crime associated crypto merchants‚Ä¶.rt .",Negative
265,"launch new product called crypto secure help bank ass risk crime associated crypto‚Ä¶.rt mastercard service called ""crypto"" secure """" help bank ass risk crime associated crypto merchants‚Ä¶.mastercard launch new product called crypto secure help bank ass risk crime associated cr‚Ä¶ .mastercard launch new product called crypto secure help bank ass risk crime associated cr‚Ä¶ .mastercard launch new product called crypto secure help bank ass risk crime associated cr‚Ä¶ .",Negative
266, thealtcoinhub  : mastercard launching new product called crypto secure help bank ass risk cr‚Ä¶ .,Negative
267,launch new product called crypto secure help bank ass risk crime associated crypto‚Ä¶.mastercard tuesday launch new product called crypto secure help bank ass risk crime asso‚Ä¶ .,Negative
268,"launch new product called crypto secure help bank ass risk crime associated crypto‚Ä¶ .. launch new product called crypto secure help bank ass risk crime associated wi‚Ä¶ mastercard launching new product called crypto secure help bank ass risk crime associated cr‚Ä¶.mastercard launch new product called crypto secure help bank ass risk crime associated with‚Ä¶ mastercard service called ""crypto"" secure """" help bank ass risk crime associated crypto merchants‚Ä¶.rt mastercard service called ""crypto"" secure """" help bank ass risk crime associated crypto merchants‚Ä¶.rt mastercard launching new product called crypto secure help bank ass risk crime associated cr‚Ä¶.rt mastercard service called ""crypto"" secure """" help bank ass risk crime associated crypto merchants‚Ä¶.rt mastercard service called ""crypto"" secure """" help bank ass risk crime associated crypto merchants‚Ä¶.rt mastercard service called ""crypto"" secure """" help bank ass risk crime associated crypto merchants‚Ä¶.rt mastercard service called ""crypto"" secure """" help bank ass risk crime associated crypto merchants‚Ä¶.rt mastercard service called ""crypto"" secure """" help bank ass risk crime associated crypto merchants‚Ä¶.rt mastercard service called ""crypto"" secure """" help bank ass risk crime associated crypto merchants‚Ä¶ .",Negative
269,"""d"" like remind daniel illegal activity mob violence met swiftly b‚Ä¶ mastercard service called ""crypto"" secure """" help bank ass risk crime associated crypto merchants‚Ä¶.rt mastercard service called ""crypto"" secure """" help bank ass risk crime associated crypto merchants‚Ä¶.rt mastercard service called ""crypto"" secure """" help bank ass risk crime associated crypto merchants‚Ä¶.rt mastercard service called ""crypto"" secure """" help bank ass risk crime associated crypto merchants‚Ä¶.mastercard service called ""crypto"" secure """" help bank ass risk crime associated crypto merchan‚Ä¶ .",Negative
270,"face  suggest shona bar manageress want the‚Ä¶ mastercard launching new product called crypto secure help bank ass risk crime associated cr‚Ä¶.rt mastercard launching new product called crypto secure help bank ass risk crime associated cr‚Ä¶.rt binance train lawenforcement stop crypto crime fintech mastercard launching new product called crypto secure help bank ass risk crime associated cr‚Ä¶.rt ""s"" actually used currency  opposed crypto ( including bitcoin ) .",Negative
271,"""s"" private  a‚Ä¶.mastercard launching new product called crypto secure help bank ass risk crime associated wi‚Ä¶ .ohhhh ‚Äô lil prison reform true crime podcast dropped today lol : binance special team training law enforcement around world combat crypto crime.0xgaut crypto environmental crime.u.s .",Negative
272,justice department form national network prosecutor focused crypto crime .the singapore police referred case authority myanmar assistance  added .,Positive
273,read her‚Ä¶ .‚ö†Ô∏è mastercard push deeper crypto new tool combating fraud mastercard today launch new product ca‚Ä¶ .,Negative
274,disappointed crypto segment show .,Negative
275,expecting easy understand explana‚Ä¶ .kazakhstan regulator binance sign agreement battle local financial crime - -‚Ä¶ üí• breaking üí•üí• : launch new product called crypto secure help bank ass risk crime associate‚Ä¶.binance also recently completed workshop regulator brazil help identify stop crypto cyber cr‚Ä¶ .üí• breaking üí•üí• : launch new product called crypto secure help bank ass risk crime a‚Ä¶ defi become crypto crime ‚Äô main arena  crystal blockchain say $ ttc techtrees : üá∫üá∏ u justice department set launch unit focused crypto crime  wsj report .. ( newsmax ) : mastercard push deeper crypto new tool combating fraud : mastercard tuesday laun‚Ä¶ .,Negative
276,launching global law enforcement training program `` crypto  becomes  widely adopted  criminals‚Ä¶.rt everyone retweeting george conway today promising trump going jail  please make sure include photo‚Ä¶.my man 1k follower crime chinese authority said arrested 93 suspected member crime group accused laundering $ 5.6 billion using virtual cu‚Ä¶.mastercard push deeper crypto new tool combating fraud - cnbc crime‚Ä¶ chinese authority said arrested 93 suspected member crime group accused laundering $ 5.6 billion using virtual cu‚Ä¶.rt chinese authority said arrested 93 suspected member crime group accused laundering $ 5.6 billion using virtual cu‚Ä¶.mastercard push deeper crypto new tool combating fraud crime cybersecurity internet.rt chinese authority said arrested 93 suspected member crime group accused laundering $ 5.6 billion using virtual cu‚Ä¶.mastercard push deeper crypto ‚Ä¶will launch new product called crypto secure help bank ass risk o‚Ä¶ .how binance training law enforcement around world combat crypto crime .mastercard push deeper crypto new tool combating fraud crime cybersecurity internet‚Ä¶ defi set endemic financial crime need new method detection prevention  writ‚Ä¶.report attribute large share global crypto crime russia  moscow city .,Negative
277,techtrees $ ttc .,Positive
278,"ca ""nt"" crime make crazy .",Negative
279,course  sensi‚Ä¶ .binance train law enforcement stop crypto crime .binance train law enforcement stop crypto crime binance hosted series crypto blockchain workshop law enforcement agency brazil argentina .,Negative
280,worksh‚Ä¶.rt binance train lawenforcement stop crypto crime fintech .,Negative
281,crypto ppl blame others crime wrong action easy label others ! : binance special team training law enforcement around world combat crypto crime.kim kardashian pay $ 1.26m instagram post crypto - law & amp ; crime .from shapewear true crime : kim kardashian add podcasting ever-growing resume .,Negative
282,| .,Positive
283,ok forget kim kardashian retail investor .,Positive
284,hedge fund pump dump‚Ä¶ .23/ public policy - guarding illicit activity .,Positive
285,- gensler state  `` crime new  mechanism the‚Ä¶ kim kardashian release true-crime podcast amidst crypto charge | .kim kardashian release true-crime podcast amidst crypto charge | chinese authority said arrested 93 suspected member crime group accused laundering $ 5.6 billion using virtual cu‚Ä¶ .,Negative
286,?,Positive
287,would make u accessory crime !,Negative
288,"gunna happen without ""compensation"" """" .",Positive
289,ü§∑ ( fwiw‚Ä¶ chinese authority said arrested 93 suspected member crime group accused laundering $ 5.6 billion using virtual cu‚Ä¶ .,Negative
290,"china ""s"" ally north korea  south korean conglomerate  dominates‚Ä¶ .",Positive
291,tweet quoted article age .,Positive
292,tweet quoted article age .,Positive
293,tweet quoted article sydney morning herald .,Positive
294,tweet quoted article sydney morning herald .,Positive
295,tweet quoted article sydney morning herald .,Positive
296,tweet quoted article sydney morning herald .,Positive
297,tweet quoted article age .,Positive
298,tweet quoted article age .,Positive
299,tweet quoted article brisbanetimes .,Positive
300,tweet quoted article brisbanetimes .,Positive
301,tweet quoted article brisbane time .,Positive
302,tweet quoted article brisbane time .,Positive
303,anonymity crypto 1 reason ‚Äô favoured organized crime‚Ä¶ .binance claimed compliance infrastructure among best world helped obtain reg‚Ä¶ .binance claimed compliance infrastructure among best world helped obtain reg‚Ä¶ .binance join force kazakhstan ‚Äô regulator battle local financial crime .,Positive
304,evidence  fact .,Positive
305,adnan multi‚Ä¶ heavy article read .,Positive
306,fwiw  know wrong & amp ; condemn ross ‚Äô action .,Negative
307,wrong crim‚Ä¶ .,Negative
308,"`` instance  found last crypto crime report 0.34 % 2020 ""s"" cryptocurrenc‚Ä¶ .",Negative
309,`` crypto criminal laundered $ 540 million using service called renbridge  new report s‚Ä¶ .,Negative
310,`` illicit activity like cybercrime  money laundering terrorist financing made only‚Ä¶ .kim kardashian release true-crime podcast amidst crypto charge cryptonews crypto .,Negative
311,2/2 ... defenseless retail investor u right ... real crime pseudo celeb‚Ä¶ .,Negative
312,law imagine entity guilty ?,Negative
313,evidence crime  report .. defi become crypto crime ‚Äô main arena  crystal blockchain say $ ttc techtrees .binance join force kazakhstan ‚Äô regulator battle local financial crime instabitcoin instaico enigma‚Ä¶ .binance join force kazakhstan ‚Äô regulator battle local financial crime 33 people shot chicago weekend .,Negative
314,atlanta ‚Äô overall crime rate worse chicago ‚Äô .,Negative
315,"philadelphia ‚Äô ex‚Ä¶.rt crypto bitcoin altcoin nfts btc eth xrp kim kardashian settle sec cryptocurrency promotion instagram so‚Ä¶.binance train lawenforcement stop crypto crime fintech chinese authority said arrested 93 suspected member crime group accused laundering $ 5.6 billion using virtual cu‚Ä¶.binance join force kazakhstan ""s"" regulator battle local financial crime crypto bitcoin ether nft.crypto news : binance sign mou kazakhstan fight financial crime ; -- -- - btc‚Ä¶ .kim kardashian charged sec post crypto .as result mou  binance kazakhstan ""s"" authority launch joint mission prevent usage cr‚Ä¶ .",Negative
316,first crime pushing crypto instead $ wluna second crime pant ... damn  girl .,Negative
317,thekardashians kim forced pay fine crime .,Negative
318,"mone‚Ä¶ .86 % bogota ""s"" resident feel safe city  common street crime armed robbery  ‚Ä¶ .binance join force kazakhstan ‚Äô regulator battle local financial crime ‚ù§Ô∏è please share  like & amp ; follow‚Ä¶ .kazakhstan ""s"" regulator binance team fight local financialcrime crypto cryptonews cryptocurrencies .just : binance special team training law enforcement around world combat crypto crime.crypto news  binance join force kazakhstan ‚Äô regulator battle local financial crime .crypto news  binance join force kazakhstan ‚Äô regulator battle local financial crime .binance join force kazakhstan ‚Äô regulator battle local financial crime $ btc $ eth crypto .binance join force kazakhstan ‚Äô regulator battle local financial crime crypto bitcoin cryptocurrency‚Ä¶ .binance join force kazakhstan ‚Äô regulator battle local financial crime . $ agix people waking ben goertzelscam never-ending cycle `` promise world  deliver‚Ä¶ .heavy article read .",Negative
319,fwiw  know wrong & amp ; condemn ross ‚Äô action .,Negative
320,wrong his‚Ä¶ . crypto bitcoin altcoin nfts btc eth xrp binance join force kazakhstan ‚Äô regulator battle local fi‚Ä¶ . cryptonews sec charged kim kardashian unlawfully touting crypto security .,Negative
321,ex-ceo bankrupt crypto lender‚Ä¶ chinese authority said arrested 93 suspected member crime group accused laundering $ 5.6 billion using virtual cu‚Ä¶.oh crypto influencer crime .,Negative
322,well yeah  heard quote said ‚Äú fine-based penalty ‚Äô law‚Ä¶ . crypto bitcoin altcoin nfts btc eth xrp kim kardashian pay $ 1.26m illegally promoting cryptocurrency‚Ä¶ .,Positive
323,exposed !,Negative
324,law .,Positive
325,money laundering crime .,Negative
326,chinese authority said arrested 93 suspected member crime group accused laundering $ 5.6 billion using virtual cu‚Ä¶.usd 30 billion / year would cost crime crypto 2025. majority cybersecurity & amp ; rugpull re‚Ä¶ chinese authority said arrested 93 suspected member crime group accused laundering $ 5.6 billion using virtual cu‚Ä¶. news crypto ukraine money woman russia usa kanye elon instead  believe men h‚Ä¶ chinese authority said arrested 93 suspected member crime group accused laundering $ 5.6 billion using virtual cu‚Ä¶.rt .,Negative
327,launching global law enforcement training program `` crypto  becomes  widely adopted  criminals‚Ä¶.rt binance hosted series crypto blockchain workshop law enforcement agency brazil argentina .,Positive
328,worksh‚Ä¶ .,Positive
329,central banking designed & amp ; instituted steal .,Negative
330,mission .,Positive
331,thru ponzi ev‚Ä¶ chinese authority said arrested 93 suspected member crime group accused laundering $ 5.6 billion using virtual cu‚Ä¶.rt chinese authority said arrested 93 suspected member crime group accused laundering $ 5.6 billion using virtual cu‚Ä¶.rt chinese authority said arrested 93 suspected member crime group accused laundering $ 5.6 billion using virtual cu‚Ä¶.rt chinese authority said arrested 93 suspected member crime group accused laundering $ 5.6 billion using virtual cu‚Ä¶.rt chinese authority said arrested 93 suspected member crime group accused laundering $ 5.6 billion using virtual cu‚Ä¶.rt chinese authority said arrested 93 suspected member crime group accused laundering $ 5.6 billion using virtual cu‚Ä¶.rt chinese authority said arrested 93 suspected member crime group accused laundering $ 5.6 billion using virtual cu‚Ä¶.rt chinese authority said arrested 93 suspected member crime group accused laundering $ 5.6 billion using virtual cu‚Ä¶.google contact center ai platform transforming cx nfts bitcoin crypto btc bsc dev video music business‚Ä¶ chinese authority said arrested 93 suspected member crime group accused laundering $ 5.6 billion using virtual cu‚Ä¶.rt chinese authority said arrested 93 suspected member crime group accused laundering $ 5.6 billion using virtual cu‚Ä¶.rt chinese authority said arrested 93 suspected member crime group accused laundering $ 5.6 billion using virtual cu‚Ä¶.rt chinese authority said arrested 93 suspected member crime group accused laundering $ 5.6 billion using virtual cu‚Ä¶.chinese authority said arrested 93 suspected member crime group accused laundering $ 5.6 billion usi‚Ä¶ .,Negative
332,serbia  passing macedonia spent vacation a‚Ä¶ .,Positive
333,clear anyone celebrity committed crime .,Positive
334,would facing jail time .. binance train law enforcement stop crypto crime .binance train law enforcement stop crypto crime via .,Negative
335,launching global law enforcement training program `` crypto  becomes  widely adopted  criminals‚Ä¶.rt .,Positive
336,launching global law enforcement training program `` crypto  becomes  widely adopted  criminals‚Ä¶.rt .,Positive
337,launching global law enforcement training program `` crypto  becomes  widely adopted  criminals‚Ä¶.nice white crime thing .,Negative
338,.,Positive
339,"launching global law enforcement training program `` crypto  becomes  widely adopted  criminals‚Ä¶. sec ‚Äô dig $ 36 million gold-based crypto scam crime cryptocurrency cryptocurrencynews.how binance training law enforcement around world combat crypto crime binance‚Ä¶ ‚Äú ‚Äô clear evidence organized crime gang  example  laundering fund crypto  """" t. raja kumar  new chief of‚Ä¶.rt .",Negative
340,launching global law enforcement training program `` crypto  becomes  widely adopted  criminals‚Ä¶.rt .,Positive
341,launching global law enforcement training program `` crypto  becomes  widely adopted  criminals‚Ä¶.binance train law enforcement stop crypto crime breakingnews.rt binance train law enforcement stop crypto crime via .,Negative
342,launching global law enforcement training program `` crypto  becomes  widely adopted  criminals‚Ä¶.rt .,Positive
343,launching global law enforcement training program `` crypto  becomes  widely adopted  criminals‚Ä¶ .. launching global law enforcement training program `` crypto  becomes  widely adopted  ‚Ä¶ binance hosted series crypto blockchain workshop law enforcement agency brazil argentina .,Positive
344,worksh‚Ä¶.binance train law enforcement stop crypto crime via .binance train law enforcement stop crypto crime .,Negative
345,kardashian committed crime disclosing paid touting crypto on‚Ä¶ . crypto tooting crime .,Negative
346,".. ‚Äú settlement order m kardashian‚Ä¶the s.e.c‚Ä¶said given ms. kardashian consideration coope‚Ä¶ . crypto bitcoin altcoin nfts btc eth xrp binance sign mou kazakhstan fight financial crime source : ‚Ä¶ .crypto news : binance train law enforcement stop crypto crime binance wakandaforever crypto‚Ä¶ binance train law enforcement stop crypto crime nft crypto bitcoin .crypto news : binance train law enforcement stop crypto crime .speaking kim kardashian true crime ... .binance train law enforcement stop crypto crime .steven seagal also accused crime  become russian citizen  propaganda putin a‚Ä¶ ‚Äú ‚Äô clear evidence organized crime gang  example  laundering fund crypto  """" t. raja kumar  new chief of‚Ä¶.binance train law enforcement stop crypto crime business.binance train law enforcement stop crypto crime ‚Äú ‚Äô important law enforcement ab‚Ä¶ .binance train law enforcement stop crypto crime business.binance train law enforcement stop crypto crime ‚Äú ‚Äô clear evidence organized crime gang  example  laundering fund crypto  """" t. raja kumar  new chief of‚Ä¶.binance training law enforcement stop crypto crime .binance training law enforcement stop crypto crime ‚Äú ‚Äô clear evidence organized crime gang  example  laundering fund crypto  """" t. raja kumar  new chief of‚Ä¶ .",Negative
347,"sorry outfit crime oof . ‚Äú ‚Äô clear evidence organized crime gang  example  laundering fund crypto  """" t. raja kumar  ‚Ä¶ binance ü§ù kazakhstan crypto exchange signed mou country part global law enforcement trai‚Ä¶.binance train law enforcement stop crypto crime .",Negative
348,punishment fit crime  person .,Negative
349,"country ""nt"" run purge .. true crime crypto nft project üîó nftcommunity cardanoada cardanonft p2e .binance train law enforcement stop crypto crime nft crypto bitcoin .binance train law enforcement stop crypto crime .",Negative
350,( binance train law enforcement stop crypto crime ) - - cryptonews : binance special team training law enforcement around world combat crypto crime.matthew price  head intelligence investigation america  joined coindesk tv ‚Äô ‚Äú first mover  ‚Äù disc‚Ä¶ .,Negative
351,binance led destruction lunc  took responsibility wallet mint holder  laun‚Ä¶ .binance train law enforcement stop crypto crime - coindesk defi become crypto crime ‚Äô main arena  crystal blockchain say $ ttc techtrees binance ü§ù kazakhstan crypto exchange signed mou country part global law enforcement trai‚Ä¶.binance train law enforcement stop crypto crime .binance train law enforcement stop crypto crime nfts crypto blockchain.binance train law enforcement stop crypto crime .binance train law enforcement stop crypto crime binance ü§ù kazakhstan crypto exchange signed mou country part global law enforcement trai‚Ä¶.binance train law enforcement stop crypto crime .binance train law enforcement stop crypto crime - investing trading crypto.binance train law enforcement stop crypto crime .binance train law enforcement stop crypto crime denis darnel - akilligundem .crypto hoe hoe .,Negative
352,"much money lowlife family need cult fanbase blindly supporting the‚Ä¶ .üì∞ binance train law enforcement stop crypto crime powered .binance train law enforcement stop crypto crime .binance train law enforcement stop crypto crime - coindesk .üåê binance train law enforcement stop crypto crime üåê binance crypto cryptonews .binance train law enforcement stop crypto crime .reminder law relative jurisdiction  snowden + assange `` criminal """"  paying weed/early‚Ä¶ .binance train law enforcement stop crypto crime .kim kardashian pay $ 1.26 million fine paid crypto ad  sec say cryptonews crypto .binance train law enforcement stop crypto crime crypto binance. binance train law enforcement stop crypto crime .",Negative
353,cryptonews via . binancecrimelawenforcementcoindesktv binance train law enforcement stop crypto crime .binance train law enforcement stop crypto crime .binance train law enforcement stop crypto crime .binance train law enforcement stop crypto crime .,Negative
354,matthew price  joined ‚Äú first mover ‚Äù discus cryptocurrency exchange plan work law-en‚Ä¶ matthew price  joined ‚Äú first mover ‚Äù discus cryptocurrency exchange plan work law-enforcement‚Ä¶ .,Positive
355,( binance train law enforcement stop crypto crime ) read full article bscdesk : binance smart ch‚Ä¶ .matthew price  head intelligence investigation america  joined coindesk tv ‚Äô ‚Äú first mover  ‚Äù disc‚Ä¶ .coindesk : binance train law enforcement stop crypto crime .,Negative
356,matthew price  joined ‚Äú first mover ‚Äù discus cryptocurrency exchange plan work law-en‚Ä¶ binance ü§ù kazakhstan crypto exchange signed mou country part global law enforcement trai‚Ä¶.üü© trending news binance training law enforcement around world combat crypto crime  ‚Ä¶ .coindesk : binance train law enforcement stop crypto crime binance ü§ù kazakhstan crypto exchange signed mou country part global law enforcement trai‚Ä¶.rt binance ü§ù kazakhstan crypto exchange signed mou country part global law enforcement trai‚Ä¶ .,Negative
357,indeed  binance continues make move deserve congratulated .,Positive
358,"many `` crime """" event‚Ä¶ binance ü§ù kazakhstan crypto exchange signed mou country part global law enforcement trai‚Ä¶.rt binance ü§ù kazakhstan crypto exchange signed mou country part global law enforcement trai‚Ä¶.binance ü§ù kazakhstan crypto exchange signed mou country part global law enforcement‚Ä¶ : binance special team training law enforcement around world combat crypto crime .",Negative
359,shyster  shyster  everywhere ; genuine fraud sec follo‚Ä¶ .kim kardashian settle crypto promotion crypto exchange binance built specialist team teach law enforcement officer in out cryptocurr‚Ä¶.rt getting true crime podcasts charged crypto scam one day peak 2022 .. binance received presidential approval nation kazakhstan .,Negative
360,country also join law enforcem‚Ä¶ .if kardashian ‚Äú martha stewarted ‚Äù - ie  person paying common financial crime woman  be‚Ä¶ .getting true crime podcasts charged crypto scam one day peak 2022 .,Negative
361,.crypto exchange binance built specialist team teach law enforcement officer in out cry‚Ä¶ .kim kardashian charged crypto touting .,Negative
362,charge sufficient enough  relative nature crime  ‚Ä¶ .binance kazakhstan signed agreement combat financial crime !,Negative
363,crypto scam news‚Ä¶ .just : binance training law enforcement around world combat crypto crime.rt : binance special team training law enforcement around world combat crypto crime .,Negative
364,ah  yes .,Positive
365,tourist area high crime area .,Negative
366,plenty residential area .. binance training law enforcement around world combat crypto crime cryptocurrency‚Ä¶ .,Negative
367,like k k elon musk .,Positive
368,get fined .,Positive
369,like poor middle class black .,Negative
370,wou‚Ä¶ .how binance training law enforcement around world combat crypto crime crypto exchange binance built a‚Ä¶ .how binance training law enforcement around world combat crypto crime .,Negative
371,people realized filled wash trading lot bailed .,Positive
372,.how binance training law enforcement around world combat crypto crime cryptocurrency bitcoin blockchain.rt : binance special team training law enforcement around world combat crypto crime .,Negative
373," ""ve"" got checkbook balance  ""s"" crime .",Negative
374,explain crypto currency ? .,Positive
375,apparently also happens crime gang  form torture  punishment  etc.rt defi become crypto crime ‚Äô main arena  crystal blockchain say $ ttc techtrees ?,Negative
376,uk proposed online safety bill economic crime ( transparency & amp ; enforcement ) bill discussed  t‚Ä¶ .,Negative
377,need mo betta law !,Positive
378,one make crime disagree democrat .,Negative
379,"one creates `` dissension camp """" : binance special team training law enforcement around world combat crypto crime.defi become crypto crime ‚Äô main arena  crystal blockchain say $ ttc techtrees : binance special team training law enforcement around world combat crypto crime",Negative
