"","source","title","description","publishedAt","content"
"1"," Wired","This Cold-Storage Crypto Wallet Is a Smart Investment","If you don't use a safe, offline storage device, you don't really own your cryptocurrency. The Ledger Nano X keeps it secure from prying eyes.",2022-08-29 12:00:00,"If youre serious about owning digital currencies, you need a hardware wallet. Just as the wallet in your pocket stores physical currency, a crypto wallet stores your digital currency. It keeps it saf… [+3718 chars]"
"2"," The Verge","Congress presses big crypto exchanges for details on how they’re fighting scams","Congress wrote letters to Coinbase, Binance, FTX, and others to ask how they’re protecting consumers against crypto-related scams.",2022-08-31 16:20:59,"Pointed questions for Coinbase, Binance.US, FTX, Kraken, and KuCoin
Illustration by Alex Castro / The Verge
Congress wants to know what Coinbase, Binance.US, FTX, Kraken, and KuCoin are doing to ad… [+2640 chars]"
"3"," Reuters","Fugitive Turkish crypto fraud suspect arrested in Albania resort - Reuters","Albanian police on Tuesday arrested the fugitive Turkish founder of crypto-exchange Thodex, wanted by Interpol for suspected crypto fraud and at large for a year, police and media said.",2022-08-30 13:06:00,"By Reuters Staff
TIRANA (Reuters) - Albanian police on Tuesday arrested the fugitive Turkish founder of crypto-exchange Thodex, wanted by Interpol for suspected crypto fraud and at large for a year,… [+1638 chars]"
"4"," Reuters","Fugitive Turkish crypto fraud suspect arrested in Albania resort - Reuters","Albanian police on Tuesday arrested the fugitive Turkish founder of crypto-exchange Thodex, wanted by Interpol for suspected crypto fraud and at large for a year, police and media said.",2022-08-30 13:05:00,"TIRANA, Aug 30 (Reuters) - Albanian police on Tuesday arrested the fugitive Turkish founder of crypto-exchange Thodex, wanted by Interpol for suspected crypto fraud and at large for a year, police an… [+1919 chars]"
"5"," Reuters","Crypto Weekly: something in the Ether - Reuters","From why ether is gaining ground on bitcoin, to an unhappy crypto anniversary in El Salvador, we round up the week's big stories in the world of alternative currencies. Olivia Zollino reports.",2022-09-13 17:25:35,"Posted 
From why ether is gaining ground on bitcoin, to an unhappy crypto anniversary in El Salvador, we round up the week's big stories in the world of alternative currencies. Olivia Zollino report… [+1 chars]"
"6"," Reuters","Ethereum 'Merge' slashes crypto energy use - Reuters","The Ethereum blockchain has undergone a major software upgrade, drastically reducing its energy usage, its inventor and co-founder tweeted on Thursday. Julian Satterthwaite reports.",2022-09-15 14:14:07,"Posted 
The Ethereum blockchain has undergone a major software upgrade, drastically reducing its energy usage, its inventor and co-founder tweeted on Thursday. Julian Satterthwaite reports."
"7"," Reuters","Crypto Weekly: the urge to merge - Reuters","From the long-awaited 'Merge' taking place for ether, to a new problem for crypto tycoon Sam Bankman-Fried, this is your weekly roundup of the big stories in alternative currencies. Trevor Koroll reports.",2022-09-20 22:06:30,"Posted 
From the long-awaited 'Merge' taking place for ether, to a new problem for crypto tycoon Sam Bankman-Fried, this is your weekly roundup of the big stories in alternative currencies. Trevor K… [+13 chars]"
"8"," Reuters","Crypto bankruptcies: Whose Money Is It? - Reuters","Reuters asked legal experts what significant rulings could come from the recent bankruptcies of crypto lenders Celsius and Voyager.",2022-08-25 22:42:11,"Posted 
Reuters asked legal experts what significant rulings could come from the recent bankruptcies of crypto lenders Celsius and Voyager."
"9"," Reuters","Thailand tightens rules on crypto advertising - Reuters.com","Thailand's Securities and Exchange Commission (SEC) has rolled out new rules on advertising for cryptocurrency companies after the industry has come under greater scrutiny from authorities.",2022-09-01 12:02:00,"BANGKOK, Sept 1 (Reuters) - Thailand's Securities and Exchange Commission (SEC) has rolled out new rules on advertising for cryptocurrency companies after the industry has come under greater scrutiny… [+1659 chars]"
"10"," Wired","The Best Time to Upgrade Your Graphics Card Is Right Now","In a huge change from the past two years, prices are low and high-end PC graphics boards are readily available.",2022-08-27 12:00:00,"Gamers and other users of high-end PC graphics cards (crypto miners, video editors) are experiencing an unusual kind of sticker shock lately: Prices on the hardware have dropped so low, so quickly, t… [+3640 chars]"
"11"," Reuters","Dubai grants provisional approval to crypto firm Blockchain.com - Reuters","London-based crypto firm Blockchain.com said it had won a provisional approval to operate in Dubai, becoming the latest in a series of digital asset companies expanding in the Gulf as the region looks to become a hub for blockchain technology.",2022-09-09 17:15:00,"Sept 9 (Reuters) - London-based crypto firm Blockchain.com said it had won a provisional approval to operate in Dubai, becoming the latest in a series of digital asset companies expanding in the Gulf… [+952 chars]"
"12"," Reuters","Breakingviews - Crypto fans still live in a supervised world - Reuters","Since the dawn of history, the person with the bigger stick could easily take the person with the smaller stick’s money. That, at least, is one of many philosophies espoused by MicroStrategy <a href=""https://www.reuters.com/companies/MSTR.O"" target=""_blank"">(…",2022-09-01 15:13:00,"NEW YORK, Sept 1 (Reuters Breakingviews) - Since the dawn of history, the person with the bigger stick could easily take the person with the smaller sticks money. That, at least, is one of many philo… [+1810 chars]"
"13"," Reuters","Crypto Weekly: Bitcoin slides back to $20,000 - Reuters","From bitcoin’s big slide back towards $20,000 to what a court says you can’t buy with Central African Republic’s new coin, we round up the week's big stories in the world of virtual money. Trevor Koroll reports.",2022-08-30 21:11:50,"Posted 
From bitcoins big slide back towards $20,000 to what a court says you cant buy with Central African Republics new coin, we round up the week's big stories in the world of virtual money. Trev… [+17 chars]"
"14"," Reuters","Asset managers to offer fund tokens despite crypto turmoil - Reuters","Investors in crypto have endured wild moves in recent months, but this has not fazed asset managers who are preparing to use the blockchain technology behind cryptocurrencies to break funds into bite-sized units, or tokens, to sell to small savers.",2022-08-26 12:11:00,"LONDON, Aug 26 (Reuters) - Investors in crypto have endured wild moves in recent months, but this has not fazed asset managers who are preparing to use the blockchain technology behind cryptocurrenci… [+4041 chars]"
"15"," Reuters","Nasdaq bets big on digital assets despite crypto turmoil - Reuters","Nasdaq Inc <a href=""https://www.reuters.com/companies/NDAQ.O"" target=""_blank"">(NDAQ.O)</a> is placing a big bet on the cryptocurrency market, with the launch of a digital assets business that is aimed at tapping institutional investors.",2022-09-20 15:50:00,"Sept 20 (Reuters) - Nasdaq Inc (NDAQ.O) is placing a big bet on the cryptocurrency market, with the launch of a digital assets business that is aimed at tapping institutional investors.
The new unit… [+1018 chars]"
"16"," Reuters","Crypto lender Hodlnaut granted creditor protection by Singapore Court - Reuters","Hodlnaut said on Tuesday it has been placed under interim judicial management by the Singapore High Court, after the troubled cryptocurrency lender suspended withdrawals earlier this month.",2022-08-30 08:07:00,"Aug 30 (Reuters) - Hodlnaut said on Tuesday it has been placed under interim judicial management by the Singapore High Court, after the troubled cryptocurrency lender suspended withdrawals earlier th… [+1234 chars]"
"17"," Reuters","Biden administration wants more crypto enforcement, digital asset rules - Reuters","U.S. government agencies must double down on digital asset sector enforcement and identify gaps in cryptocurrency regulation, the Biden administration said in reports published on Friday.",2022-09-16 10:54:00,"Sept 16 (Reuters) - U.S. government agencies must double down on digital asset sector enforcement and identify gaps in cryptocurrency regulation, the Biden administration said in reports published on… [+2187 chars]"
"18"," Reuters","What crisis? High-stakes crypto lending looks here to stay - Reuters","On May 11, Scott Odell, an analyst at British crypto lender Blockchain.com, instant messaged Edward Zhao of Three Arrows Capital asking that the Singapore hedge fund repay at least part of a $270 million loan.",2022-09-21 05:13:00,"LONDON/WASHINGTON, Sept 21 (Reuters) - On May 11, Scott Odell, an analyst at British crypto lender Blockchain.com, instant messaged Edward Zhao of Three Arrows Capital asking that the Singapore hedge… [+7813 chars]"
"19"," Business Insider","Web3 founders and top VCs break down how blockchain gaming can take crypto mainstream – and explain potential hurdles for widespread adoption","Industry veterans share what you should know about how blockchain gaming will take crypto to the mainstream.",2022-09-14 16:57:21,"Blockchain gaming raked in $2.5 billion in funding during Q2, 2022, according to a DappRadar report. The burgeoning space has attracted some of the biggest names in Silicon Valley, with Andreessen Ho… [+6238 chars]"
"20"," Reuters","Celsius files for permission to sell its stablecoin holdings - Reuters","Bankrupt crypto lender Celsius Network on Thursday filed a request for the sale of its stablecoin holdings, in a bid to raise fund for its operations.",2022-09-16 06:42:00,"Sept 16 (Reuters) - Bankrupt crypto lender Celsius Network on Thursday filed a request for the sale of its stablecoin holdings, in a bid to raise fund for its operations.
The request was filed with … [+462 chars]"
"21"," Reuters","U.S. SEC to set up new office for crypto filings - Reuters","The U.S. securities regulator will set up two new offices to deal with filings related to crypto assets and the life sciences sector, the agency said on Friday.",2022-09-09 21:22:00,"Sept 9 (Reuters) - The U.S. securities regulator will set up two new offices to deal with filings related to crypto assets and the life sciences sector, the agency said on Friday.
The ""Office of Cry… [+1305 chars]"
"22"," Reuters","Crypto intermediaries should register with U.S. SEC, agency chair says - Reuters","Companies that help facilitate transactions in the cryptocurrency market should register with the U.S. Securities and Exchange Commission (SEC) just like other market intermediaries, the agency's chair said on Thursday.",2022-09-08 12:53:00,"WASHINGTON, Sept 8 (Reuters) - Companies that help facilitate transactions in the cryptocurrency market should register with the U.S. Securities and Exchange Commission (SEC) just like other market i… [+1836 chars]"
"23"," Reuters","Cryptoverse: Ether snaps at bitcoin's heels in race for crypto crown - Reuters.com","For years, ether could barely dream of challenging its big brother bitcoin. Now, its ambitions may be becoming more realistic.",2022-09-13 05:12:00,"Sept 13 (Reuters) - For years, ether could barely dream of challenging its big brother bitcoin. Now, its ambitions may be becoming more realistic.
The second-biggest cryptocurrency is taking market … [+3625 chars]"
"24"," Business Insider","5 crypto scams to know before you start trading coins","Scammers use various techniques to rob crypto investors. Here are five scams to know and how to avoid them.",2022-09-16 21:42:21,"Insider's experts choose the best products and services to help make smart decisions with your money (heres how). In some cases, we receive a commission from our our partners, however, our opinions a… [+9504 chars]"
"25"," Reuters","U.S. SEC's crypto guidelines push up costs for lenders, disrupting projects - Reuters","Banks' cryptocurrency projects have been upended by U.S. Securities and Exchange Commission (SEC) accounting guidance that would make it too capital-intensive for lenders to hold crypto tokens on behalf of clients, according to more than half a dozen people w…",2022-09-16 04:07:00,"WASHINGTON, Sept 16 (Reuters) - Banks' cryptocurrency projects have been upended by U.S. Securities and Exchange Commission (SEC) accounting guidance that would make it too capital-intensive for lend… [+6142 chars]"
"26"," Business Insider","Vitalik Buterin says Ethereum's merge slashes global energy consumption by 0.2%, making it one of the biggest decarbonization events ever","A report from the Crypto Carbon Ratings Institute found that the merge dramatically reduced Ethereum's carbon footprint.",2022-09-16 13:48:18,"The Ethereum merge this week slashed global energy consumption by 0.2%, Vitalik Buterin wrote in a tweet Thursday, citing a crypto researcher. 
The long-awaited event successfully transformed the bl… [+1970 chars]"
"27"," Business Insider","Shorting cryptocurrency is a high-risk, advanced investing strategy. Here's how it works","Investors can short cryptocurrencies like Bitcoin, but high volatility and lack of crypto regulation make it particularly risky.",2022-08-30 16:35:43,"When you think about investing, the idea is usually that you profit when the price of an asset increases, and lose money when it falls.
Another, more-advanced approach is short-selling, or shorting.… [+8172 chars]"
"28"," Business Insider","Ethereum Merge Explained: Experts break down the risks of the long-awaited crypto update","Blockchain experts call Ethereum's merge the most important event in crypto history, after the creation of ether and bitcoin.",2022-09-12 15:18:09,"The long-awaited Ethereum merge event is set to happen around Thursday, according to the Ethereum Foundation, and experts say it will reduce the blockchain's energy consumption by 99%. 
The update, … [+4117 chars]"
"29"," Reuters","Bankrupt crypto lender Voyager's CFO to exit months after appointment - Reuters","Voyager Digital Ltd Chief Financial Officer Ashwin Prithipaul is preparing to step down from his role within months of his appointment at the crypto lender that filed for bankruptcy in July.",2022-09-23 21:58:00,"Sept 23 (Reuters) - Voyager Digital Ltd Chief Financial Officer Ashwin Prithipaul is preparing to step down from his role within months of his appointment at the crypto lender that filed for bankrupt… [+954 chars]"
"30"," Reuters","Major crypto trader Wintermute hit by $160 million hack, CEO says - Reuters","Hackers have stolen digital assets worth around $160 million from crypto trading firm Wintermute, its CEO tweeted on Tuesday, the latest heist to hit a sector long plagued by cybercrime.",2022-09-20 09:37:00,"LONDON, Sept 20 (Reuters) - Hackers have stolen digital assets worth around $160 million from crypto trading firm Wintermute, its CEO tweeted on Tuesday, the latest heist to hit a sector long plagued… [+1344 chars]"
"31"," Reuters","Crypto firm 21.co raises $25 million to value it at $2 billion - Reuters","Crypto investment product firm 21.co, parent of 21Shares, said on Tuesday it had raised $25 million in a funding round led by Marshall Wallace that valued the company at $2 billion.",2022-09-06 07:10:00,"Sept 6 (Reuters) - Crypto investment product firm 21.co, parent of 21Shares, said on Tuesday it had raised $25 million in a funding round led by Marshall Wallace that valued the company at $2 billion… [+481 chars]"
"32"," Reuters","Kraken taps insider Ripley to replace CEO Powell - Reuters","Crypto exchange Kraken said on Wednesday Chief Operating Officer Dave Ripley would replace top boss Jesse Powell, who is stepping down after more than a decade at the helm.",2022-09-21 19:25:00,"Sept 21 (Reuters) - Crypto exchange Kraken said on Wednesday Chief Operating Officer Dave Ripley would replace top boss Jesse Powell, who is stepping down after more than a decade at the helm.
Riple… [+800 chars]"
"33"," Reuters","Singapore police says wanted crypto developer Do Kwon is currently not in Singapore - Reuters.com","Singapore Police Force said on Saturday the wanted crypto developer Do Kwon, who is accused of fraud by investors following the collapse of his cryptocurrencies Luna and TerraUSD, is currently not in the city-state.",2022-09-17 16:54:00,"SINGAPORE, Sept 17 (Reuters) - Singapore Police Force said on Saturday the wanted crypto developer Do Kwon, who is accused of fraud by investors following the collapse of his cryptocurrencies Luna an… [+1104 chars]"
"34"," Reuters","Novel action against Ooki crypto collective draws rebuke from commodities trading commissioner - Reuters.com","The U.S. Commodities Futures Trading Commission has devised a theory to prevent the decentralized, amorphous crypto collectives known as DAOs from capitalizing on their diffuse structure to evade liability.",2022-09-23 20:49:00,"(Reuters) - The U.S. Commodities Futures Trading Commission has devised a theory to prevent the decentralized, amorphous crypto collectives known as DAOs from capitalizing on their diffuse structure … [+6582 chars]"
"35"," Reuters","Liverpool expands partnership with NFT fantasy sports startup Sorare - Reuters","Liverpool football club is deepening its ties with the crypto world by expanding a partnership with French blockchain-based sports startup Sorare, the company said in a statement on Thursday.",2022-09-22 13:07:00,"LONDON, Sept 22 (Reuters) - Liverpool football club is deepening its ties with the crypto world by expanding a partnership with French blockchain-based sports startup Sorare, the company said in a st… [+1990 chars]"
"36"," Reuters","Indonesia's tech firm GoTo buys local crypto exchange for $8.4 mln - Reuters","Indonesia's biggest tech firm PT GoTo Gojek Tokopedia Tbk (GoTo) entered cryptocurrency business by acquiring local crypto exchange PT Kripto Maksima Koin in a bid to diversify its services, GoTo said in a statement.",2022-08-29 15:58:00,"JAKARTA, Aug 29 (Reuters) - Indonesia's biggest tech firm PT GoTo Gojek Tokopedia Tbk (GoTo) entered cryptocurrency business by acquiring local crypto exchange PT Kripto Maksima Koin in a bid to dive… [+1302 chars]"
"37"," Reuters","Indonesia to tighten rules for crypto exchanges, ensure more local control - Reuters","Indonesia's trade ministry plans to issue a new rule governing crypto asset exchanges, requiring two-thirds of the board of directors and commissioners to be Indonesian citizens and reside in the country, a deputy minister said Tuesday.",2022-09-20 13:37:00,"JAKARTA, Sept 20 (Reuters) - Indonesia's trade ministry plans to issue a new rule governing crypto asset exchanges, requiring two-thirds of the board of directors and commissioners to be Indonesian c… [+1660 chars]"
"38"," Business Insider","Tornado Cash was the preferred 'laundering tool' for most NFT scammers before it was sanctioned by the US Treasury, says Elliptic","The crypto mixing platform was the ""laundering tool of choice"" for 52% of NFT scammers, Elliptic Enterprises wrote in a report.",2022-08-25 13:18:29,"Bad actors turned to Tornado Cash as their preferred tool for laundering cryptocurrency proceeds from non-fungible token scams, research firm Elliptic Enterprises wrote in a Wednesday report. 
The p… [+1014 chars]"
"39"," Business Insider","Crypto influencers pedal questionable advice and profit off their viewers — no matter which way the market turns","Crypto influencers have stepped up to offer advice to millions of people, and even though their advice is often wrong, they still profit off fans.",2022-08-29 10:21:18,"Welcome back, readers. The year is 2022, and our social media feeds are filled with influencers.
There are water park influencers, pet influencers, and LinkedIn influencers. And in another corner of… [+4121 chars]"
"40"," Business Insider","'Rich Dad Poor Dad' author Robert Kiyosaki says a historic market crash is looming - and touts crypto as the best defense","The personal-finance guru, who dismissed bitcoin as worthless in May, said it was vital for investors to get into crypto before the crash.",2022-09-13 07:33:43,"Investors are barreling towards a catastrophic market collapse, and should buy cryptocurrencies before they usurp the US dollar and transform the entire financial system, Robert Kiyosaki told his fol… [+1736 chars]"
"41"," Business Insider","Altcoins are the alternative digital currencies to bitcoin — here's what they are and how they work","Altcoins, or alternative coins, are any cryptocurrencies not bitcoin. Learn how altcoins emerged and evolved into a driving force in crypto markets.",2022-09-20 21:08:35,"Insider's experts choose the best products and services to help make smart decisions with your money (heres how). In some cases, we receive a commission from our our partners, however, our opinions a… [+17380 chars]"
"42"," Business Insider","Dogecoin creator claims Mark Cuban is running a crypto 'grift:' He seems to have 'drunk the Kool-Aid'","""Sounds like the same thing that has been said about every new technology I've been involved in,"" Mark Cuban told Insider.",2022-09-09 15:38:26,"Dogecoin Co-Creator Jackson Palmer had some harsh words for crypto enthusiasts like Mark Cuban.
In an interview with Insider, Palmer said Cuban seems to have ""drunk the Kool-Aid"" when it comes to cr… [+3475 chars]"
"43"," Business Insider","Sam Bankman-Fried says his bailouts of sputtering crypto firms were snap judgments and the results have been mixed","FTX's Sam Bankman-Fried told Bloomberg the goal in spearheading crypto bailout deals was to backstop companies rather than make a fortune.",2022-08-31 16:58:15,"Billionaire Sam Bankman-Fried has stepped up this year to throw financial lifelines to struggling cryptocurrency firms and the results have been ""mixed,"" he told Bloomberg. 
The ongoing ""crypto wint… [+2210 chars]"
"44"," Business Insider","Bitcoin jumps more than 10% as risk appetite ramps up on a pullback in the US dollar from 20-year highs","Bitcoin bounced above $21,000 for the first time in two weeks, helping the broader crypto market recapture a valuation of more than $1 trillion.",2022-09-09 19:07:59,"Bitcoin leapt to a two-week high Friday as a drop in the strong US dollar helped fuel a jump in stocks and other risk assets. 
Bitcoin gained as much as 13% to $21,375.38, the first time the price h… [+2116 chars]"
"45"," Business Insider","Crypto parties are still raging in the bear market. Here's what it's like at Mainnet, where tickets cost $2,100 and attendees network on yachts.","Insider's Phil Rosen was on the ground at Mainnet in New York this week, where the party was still raging through the depths of crypto winter.",2022-09-24 12:15:00,"The Messari Mainnet crypto conference in New York drew about 2,000 attendees in person this week, with bullishness still running high and conference-goers ready to party even as bitcoin and ether, th… [+4771 chars]"
"46"," The Verge","Nvidia to announce next-gen GPU architecture in September amid RTX 4090 rumors","Nvidia is getting ready to announce its next-gen GPU architecture. Codenamed Lovelace, it’s expected to lay the foundations for the RTX 40-series GPUs.",2022-08-25 08:51:20,"RTX 40-series cards could be on the way soon
If you buy something from a Verge link, Vox Media may earn a commission. See our ethics statement.
Photo by Sam Byford / The Verge
Nvidia is getting re… [+2278 chars]"
"47"," Reuters","Binance to convert users' USDC into its own stablecoin - Reuters","Binance, the world's largest crypto exchange, said on Monday it is introducing ""BUSD Auto-Conversion,"" which will be used to convert any existing user balances and new deposits of USD Coin (USDC), Pax Dollar (USDP) and True USD (TUSD) into its own stablecoin.",2022-09-05 21:54:00,"Sept 5 (Reuters) - Binance, the world's largest crypto exchange, said on Monday it is introducing ""BUSD Auto-Conversion,"" which will be used to convert any existing user balances and new deposits of … [+918 chars]"
"48"," Reuters","Tether wants Roche Freedman off case over founder's alleged conflict - Reuters","Tether wants Roche Freedman removed from a case against the cryptocurrency company after allegations that one of the law firm's founders abused investor lawsuits to aid a corporate client.",2022-09-01 18:52:00,"<ul><li>
Summary</li><li>
Companies</li><li>
Law firms</li><li>
Related documents</li></ul>
(Reuters) - Tether wants Roche Freedman removed from a case against the cryptocurrency company after a… [+2796 chars]"
"49"," Business Insider","Anthony Scaramucci says bear markets 'suck,' and Skybridge only took Sam-Bankman Fried's deal because of its 'mediocre' performance","Sam Bankman-Fried's acquisition of SkyBridge Capital means ""people don't think you're going out of business,"" Scaramucci said.",2022-09-13 11:35:03,"Hedge fund manager Anthony Scaramucci lamented bear markets, saying they ""suck"" because of how much they've hurt his business. 
Scaramucci told the Financial Times Monday that his company, SkyBridge… [+2159 chars]"
"50"," Business Insider","Anthony Scaramucci says bear markets 'suck,' and Skybridge only took Sam-Bankman Fried's deal because of its 'mediocre' performance","Sam Bankman-Fried's acquisition of SkyBridge Capital means ""people don't think you're going out of business,"" Scaramucci said.",2022-09-13 11:35:03,"Hedge fund manager Anthony Scaramucci lamented bear markets, saying they ""suck"" because of how much they've hurt his business. 
Scaramucci told the Financial Times his company, SkyBridge Capital has… [+2164 chars]"
"51"," Reuters","Thai lender SCBX scraps $500 mln acquisition of crypto exchange Bitkub - Reuters","Thailand's oldest lender, SCBX Pcl <a href=""https://www.reuters.com/companies/SCB.BK"" target=""_blank"">(SCB.BK)</a> said on Thursday it was pulling out of a $500 million deal to buy crypto exchange Bitkub, saying the startup needed time to fix regulatory issue…",2022-08-25 07:12:00,"BANGKOK, Aug 25 (Reuters) - Thailand's oldest lender, SCBX Pcl (SCB.BK) said on Thursday it was pulling out of a $500 million deal to buy crypto exchange Bitkub, saying the startup needed time to fix… [+1218 chars]"
"52"," Reuters","Cboe says Robinhood and Virtu among potential equity partners in crypto exchange - Reuters","Cboe Global Markets Inc <a href=""https://www.reuters.com/companies/CBOE.Z"" target=""_blank"">(CBOE.Z)</a> on Thursday said it is in discussions with several market participants, including retail brokers and market makers, about taking strategic stakes in its re…",2022-08-25 15:00:00,"Aug 25 (Reuters) - Cboe Global Markets Inc (CBOE.Z) on Thursday said it is in discussions with several market participants, including retail brokers and market makers, about taking strategic stakes i… [+1608 chars]"
"53"," Reuters","State securities regulators seek more transparency in Celsius crypto bankruptcy - Reuters","State securities regulators from Texas, Vermont and Wisconsin on Wednesday pushed for greater transparency in the bankruptcy of cryptocurrency lender Celsius Network LLC, joining the U.S. Department of Justice's call for a court-appointed examiner to ensure t…",2022-09-07 22:25:00,"<ul><li>
Summary</li><li>
Companies</li><li>
Law firms</li></ul>
(Reuters) - State securities regulators from Texas, Vermont and Wisconsin on Wednesday pushed for greater transparency in the bank… [+3479 chars]"
"54"," Reuters","U.S. Senate to grill SEC's Gensler over climate, China and crypto - Reuters","An aggressive regulator is critical to maintaining the United States as the ""gold standard"" for capital markets, U.S. Securities and Exchange Commission (SEC) chair Gary Gensler will tell the U.S. Senate Banking Committee on Thursday.",2022-09-15 10:15:00,"WASHINGTON, Sept 15 (Reuters) - An aggressive regulator is critical to maintaining the United States as the ""gold standard"" for capital markets, U.S. Securities and Exchange Commission (SEC) chair Ga… [+3441 chars]"
"55"," Reuters","Crypto exchange Kraken has no U.S. SEC registration plans, says incoming CEO - Reuters","Cryptocurrency exchange Kraken has no plans to delist tokens the U.S. Securities and Exchange Commission has labeled as securities, or to register with the agency as a market intermediary, said incoming chief executive officer Dave Ripley on Thursday.",2022-09-23 10:13:00,"Sept 23 (Reuters) - Cryptocurrency exchange Kraken has no plans to delist tokens the U.S. Securities and Exchange Commission has labeled as securities, or to register with the agency as a market inte… [+2778 chars]"
"56"," Reuters","EXCLUSIVE U.S. sought records on Binance CEO for crypto money laundering probe - Reuters","U.S. federal prosecutors asked Binance, the world's largest cryptocurrency exchange, to provide extensive internal records about its anti-money laundering checks, along with communications involving its chief executive and founder Changpeng Zhao, according to…",2022-09-01 12:07:00,"LONDON, Sept 1 (Reuters) - U.S. federal prosecutors asked Binance, the world's largest cryptocurrency exchange, to provide extensive internal records about its anti-money laundering checks, along wit… [+8045 chars]"
"57"," Reuters","Law firms seek to oust Roche Freedman from Tether crypto case - Reuters","Law firms seeking to lead a class-action lawsuit against stablecoin creator Tether on behalf of cryptocurrency investors have seized on secretly recorded comments by a lawyer at a competitor firm, Roche Freedman, to try to oust it from the litigation.",2022-09-06 20:36:00,"<ul><li>
Summary</li><li>
Companies</li><li>
Law firms</li><li>
Related documents</li></ul>
(Reuters) - Law firms seeking to lead a class-action lawsuit against stablecoin creator Tether on beha… [+3020 chars]"
"58"," Reuters","Lawyer of alleged crypto launderer urges Russia to discuss prisoner swap - letter - Reuters","The lawyer of a Russian man accused of laundering more than $4 billion through the digital currency bitcoin urged Moscow on Monday to begin negotiations with the United States to include his client in a potential prisoner swap.",2022-09-05 19:17:00,"MOSCOW, Sept 5 (Reuters) - The lawyer of a Russian man accused of laundering more than $4 billion through the digital currency bitcoin urged Moscow on Monday to begin negotiations with the United Sta… [+2472 chars]"
"59"," Reuters","Crypto law firm Roche Freedman fights to stay in bitcoin case after videos surface - Reuters","A hotly contested disqualification fight at the 11th U.S. Circuit Court of Appeals should provide a good indication of just how much damage the crypto law firm Roche Freedman is facing after last month’s revelation of surreptitious video recordings of name pa…",2022-09-20 21:33:00,"(Reuters) - A hotly contested disqualification fight at the 11th U.S. Circuit Court of Appeals should provide a good indication of just how much damage the crypto law firm Roche Freedman is facing af… [+6936 chars]"
"60"," Business Insider","Financial watchdog warns UK to be wary of dealing with Sam Bankman-Fried's crypto exchange FTX","Sam Bankman-Fried's FTX ""is not authorized by us and is targeting people in the UK,"" the Financial Conduct Authority said.",2022-09-19 13:34:26,"The UK's financial watchdog has warned Brits against dealing with Sam Bankman-Fried's crypto exchange FTX as it steps up its attempts to regulate offshore digital asset firms.
The Financial Conduct … [+1361 chars]"
"61"," Business Insider","Billionaire Carlyle co-founder David Rubenstein says he's invested in crypto companies and doesn't expect Congress to over-regulate the industry","""Young people tend to have the intelligence and energy to kind of get trends started,"" Rubenstein said in an interview with CNBC.",2022-09-01 14:18:04,"Billionaire David Rubenstein says he's personally invested in companies doing work in the cryptocurrency sector and is optimistic that government regulation won't hit the brakes on the industry. 
Ru… [+1164 chars]"
"62"," Business Insider","It took seven months and an audit for Crypto.com to realize its $10 million error, but a lucky Australian recipient used the cash to nab her dream home","The crypto company took seven months to realize it had accidentally wired Thevamanogari Manivel the extra money, but she had already put a portion of the cash toward a $1.35 million home.",2022-08-31 23:30:00,"Hi. I'm Aaron Weinman. I remember one day after high school, I went to the local ""milk bar"" (Australia's version of the bodega) to withdraw $50 from the ATM. I was excited. I was off to the ""shops"" (… [+4561 chars]"
"63"," Business Insider","Ethereum Merge has completed its long-awaited update, Buterin says","The merge moves the Ethereum blockchain to a proof-of-stake mechanism, slashing its energy usage and so making it more appealing to institutional investors.",2022-09-15 09:22:26,"The Ethereum blockchain completed its long-awaited Merge update early Thursday morning, the crypto project's cofounder Vitalik Buterin has said.
The upgrade promises to cut energy consumption for th… [+2331 chars]"
"64"," Reuters","Galaxy Digital sued for $100 mln for ditching landmark Bitgo deal - Reuters","Galaxy Digital Holdings Ltd <a href=""https://www.reuters.com/companies/GLXY.TO"" target=""_blank"">(GLXY.TO)</a>, a crypto financial services firm, should pay at least $100 million in damages for walking away from its $1.2 billion takeover deal for BitGo Inc, th…",2022-09-15 21:52:00,"WILMINGTON, Del, Sept 15 (Reuters) - Galaxy Digital Holdings Ltd (GLXY.TO), a crypto financial services firm, should pay at least $100 million in damages for walking away from its $1.2 billion takeov… [+2006 chars]"
"65"," Business Insider","Bankrupt crypto lender Celsius will allow withdrawals for some customers, potentially returning $210 million to users who were locked out during the summer sell-off","Separately, 64 customers petitioned to have their custodial deposits returned, arguing Celsius has the ability to do so.",2022-09-01 15:53:07,"Crypto lender Celsius Network will allow withdrawals from some of its customers, potentially returning $210 million to users who were locked out of their accounts this summer.
Celsius paused custome… [+1329 chars]"
"66"," Reuters","Britain's financial watchdog says FTX may be operating in UK without authorisation - Reuters","Britain's Financial Conduct Authority said on Friday cryptocurrency exchange FTX may be offering financial services or products in the UK without its authorisation.",2022-09-19 09:35:00,"LONDON, Sept 19 (Reuters) - Britain's Financial Conduct Authority said on Friday cryptocurrency exchange FTX may be offering financial services or products in the UK without its authorisation.
FTX i… [+1071 chars]"
"67"," Reuters","Ethereum blockchain to undergo major upgrade to cut energy use - Reuters","A long-awaited software upgrade to the Ethereum blockchain aimed at slashing its huge energy consumption is expected this week, a move proponents say may widen the technology's use and support the price of the ether token.",2022-09-12 10:39:00,"LONDON, Sept 12 (Reuters) - A long-awaited software upgrade to the Ethereum blockchain aimed at slashing its huge energy consumption is expected this week, a move proponents say may widen the technol… [+3142 chars]"
"68"," Business Insider","Plynk investing review: Invest with unused gift cards and access jargon-free educational content","Plynk offers DIY trading for new investors, while providing educational resources and letting you invest unused gift cards in stocks, ETFs, and more.",2022-09-13 16:42:39,"Insider's experts choose the best products and services to help make smart decisions with your money (heres how). In some cases, we receive a commission from our our partners, however, our opinions a… [+8370 chars]"
"69"," Business Insider","JPMorgan CEO Jamie Dimon slammed crypto as dangerous - and called bitcoin a Ponzi scheme","The billionaire banker argued that bitcoin and other speculative tokens don't do anything, and facilitate fraud, theft, and money laundering.",2022-09-22 10:26:24,"Jamie Dimon has doubled down on his disdain for bitcoin and some other cryptocurrencies, arguing they serve no purpose beyond vacuuming up new buyers' money to pay out profits to their existing holde… [+2764 chars]"
"70"," Business Insider","SEC Chair Gary Gensler sends a message to crypto startup founders and VCs: 'This field will not take off unless you have some trust'","SEC Chair Gary Gensler said at the NYC Summit that he believes most cryptocurrencies are securities and fall under his agency's scope.",2022-09-08 16:32:04,"The crypto industry is not going to make it without increased regulation to build trust among investors and the general public, says Gary Gensler, the chair of the Securities and Exchange Commission.… [+1490 chars]"
"71"," Reuters","Cryptoverse: After Merge, ether heads for a $20 billion Shanghai splurge - Reuters","Cryptoverse: After Merge, ether heads for a $20 billion Shanghai splurge  Reuters",2022-09-20 05:24:00,"Sept 20 (Reuters) - The Merge came, saw and conquered. Not that you'd guess from crypto prices.
The Ethereum blockchain's mega-upgrade finally went live on Sept. 15, moving it to a less energy-inten… [+4269 chars]"
"72"," Business Insider","Over 260 of the most promising startups of 2022 in edtech, fintech, crypto, proptech and more, according to VCs","Despite the rough economic environment for tech startups, some are thriving. We asked VCs to name the most promising ones across industries.",2022-09-22 20:43:49,"Each year, we reach out to hundreds of VCs at nearly 100 firms and ask them to tell us which early stage startups are the most promising of the year.
VCs were asked to name startups within their por… [+1474 chars]"
"73"," Reuters","Cryptoverse: Bleeding bitcoin's holding out for a hero - Reuters","Cryptoverse: Bleeding bitcoin's holding out for a hero  Reuters",2022-08-30 05:16:00,"Aug 30 (Reuters) - Who can save bitcoin?
The world's biggest cryptocurrency can't seem to catch a break. It finally looked to be regaining strength this month, breaching $25,000 for the first time s… [+3695 chars]"
"74"," Business Insider","Terra founder Do Kwon faces an arrest warrant in South Korea for alleged capital markets law violations","A court in Seoul issued the warrant for Do Kwon and five others, according to a text message from the prosecutor's office cited by Bloomberg.",2022-09-14 13:10:23,"Terraform Labs founder Do Kwon is facing an arrest warrant issued by a South Korean court for alleged violations of a capital markets law, according to a Bloomberg report. 
The warrant also includes… [+1103 chars]"
"75"," Business Insider","Billionaire FTX chief Sam Bankman-Fried says hawkish Fed policy and the dollar's historic climb is weighing on crypto","At the SALT Conference in New York, the billionaire FTX chief discussed the strengthening dollar and crypto's bumpy year.",2022-09-13 17:27:06,"Billionaire Sam Bankman-Fried said stringent monetary policy from the Fed and soaring inflation have weighed on cryptocurrencies this year. 
""Dollars are up this year,"" Bankman-Fried said at the SAL… [+1176 chars]"
"76"," Business Insider","What is cryptocurrency? Here's what to know about this increasingly popular digital currency before getting involved","Cryptocurrencies are decentralized, digital currencies that use blockchain technology to manage transactions and keep them secure.",2022-09-23 21:15:06,"Insider's experts choose the best products and services to help make smart decisions with your money (heres how). In some cases, we receive a commission from our our partners, however, our opinions a… [+8777 chars]"
"77"," Business Insider","'Big Short' investor Michael Burry says the epic market crash he predicted is in full swing - and flags crypto, SPACs, and meme stocks as early victims","Burry, who repeatedly sounded the alarm on the boom in speculative assets, checked off his forecast of the bubble bursting as another correct call.",2022-09-07 11:38:44,"Michael Burry identified a market bubble of unprecedented size and scope last summer, and warned the investors buying into the hype and speculation to brace for a historic crash.
The fund manager of… [+2311 chars]"
"78"," Business Insider","The crypto bear market will continue if bitcoin confirms its recent breakdown below $20,000, Fairlead's Katie Stockton says","""Short-term momentum has shifted negative per a new daily MACD 'sell' signal,"" Fairlead Strategies' Katie Stockton said.",2022-09-21 18:14:47,"The crypto bear market is likely to continue as long as bitcoin confirms its recent breakdown below $20,000, according to a Tuesday note from Fairlead Strategies.
The technical analysis-focused rese… [+2155 chars]"
"79"," Reuters","Ethereum blockchain has completed major software upgrade, co-founder says - Reuters","A major software upgrade to the Ethereum blockchain aimed at drastically reducing its energy usage has been completed, Vitalik Buterin, Ethereum inventor and co-founder tweeted on Thursday.",2022-09-15 07:11:00,"Sept 15 (Reuters) - A major software upgrade to the Ethereum blockchain aimed at drastically reducing its energy usage has been completed, Vitalik Buterin, Ethereum inventor and co-founder tweeted on… [+703 chars]"
"80"," Business Insider","The 'head trader' of a $100 million investment fraud scheme posing as a crypto platform called EmpiresX has pleaded guilty","Joshua David Nicholas of EmpiresX pleaded guilty to conspiracy to commit securities fraud in what the Department of Justice said was a Ponzi scheme.",2022-09-10 14:37:00,"The ""head trader"" of an investment fraud scheme posing as a cryptocurrency platform that defrauded investors of about $100 million has pleaded guilty to one count of conspiracy to commit securities f… [+1577 chars]"
"81"," Business Insider","Elon Musk's crypto interview was broadcast on the South Korean government's YouTube channel that was hacked and renamed 'SpaceX Invest'","The breach on Saturday morning is the fourth time in the last two weeks that a YouTube channel run by the South Korean government was hacked.",2022-09-05 03:48:07,"The South Korean government's official YouTube channel was hacked on Saturday morning to broadcast a video featuring billionaire Elon Musk chatting about cryptocurrency, according to local media repo… [+1879 chars]"
"82"," Business Insider","Michael Saylor's MicroStrategy buys the dip with fresh $6 million bitcoin purchase, adding to its crypto stockpile","As of September 22, MicroStrategy and its subsidiaries own about 130,000 bitcoins, bought at an average price of about $30,639, per Bloomberg.",2022-09-20 14:31:20,"MicroStrategy, helmed by famed bitcoin-bull Michael Saylor, purchased about $6 million in bitcoin between August 2 and September 19, a Tuesday SEC filing showed.
That's good for about 301 bitcoin, b… [+1049 chars]"
"83"," Business Insider","Dow slides 300 points as investors brace for rate-hike decision from the Federal Reserve","The 2-year Treasury yield, which is sensitive to Fed moves, surged as high as 3.983% intraday to hit the highest rate since 2007.",2022-09-20 20:06:26,"US stocks finished lower Tuesday as investors anxiously await interest rate guidance from the Federal Reserve's policy meeting. 
Stocks are under pressure from an anticipated 75-basis-point rate hik… [+548 chars]"
"84"," Business Insider","US stocks slip as the Fed begins its policy meeting and the 10-year yield hits a fresh 11-year high","The Federal Open Market Committee began its highly anticipated two-day meeting on Tuesday.",2022-09-20 13:42:59,"US stocks fell Tuesday as investors eyed the beginning of the latest central bank policy meeting that could spur more market fallout. 
The meeting concludes on Wednesday, and Wall Street is anticipa… [+542 chars]"
"85"," Business Insider","Dow plunges 485 points to hit new closing low for the year as interest rate and recession fears roil markets","The Dow Jones Industrial Average lost 4.5% on the week, the S&P 500 gave up 5.2%, and the Nasdaq tumbled 5.5%.",2022-09-23 20:10:03,"US stocks sold off for a fourth straight day on Friday as fears of higher interest rates and slowing economic growth continued to roil markets.
The Dow Jones Industrial Average entered a bear market… [+710 chars]"
"86"," Wired","Would You Ditch All This Chaos for a Country in the Cloud?","Balaji Srinivasan—technologist, investor, prophet, troll—says let the old world sink. Find your tribe and build your bespoke society, or get left behind.",2022-09-06 10:00:00,"As he accrues hundreds of thousands more Twitter followers, Srinivasan dispenses short-term advice (work from home, cancel group events, ramp up testing capacity, stop making comparisons with the flu… [+4906 chars]"
"87"," Business Insider","How to make an NFT: A step-by-step guide to creating non-fungible tokens","Making an NFT may sound like a technical process, but for most people familiar with the digital asset, it's simple.",2022-08-25 20:50:37,"Non-fungible tokens, or NFTs, have become a market mainstay. Although they're not necessarily new, NFTs have gained steam as artists use them to sell digital artwork, and traders jump on board to mak… [+9989 chars]"
"88"," Business Insider","A 23-year-old, self-described 'Crypto King' reportedly had his Lamborghini, BMWs, and McLarens seized after investors sued him claiming he stole $35 million","Around 140 investors reportedly gave at least $35 million to Aiden Pleterski's company as cryptocurrency and foreign exchange investments.",2022-09-21 22:06:37,"A 23-year-old Canadian who calls himself the ""Crypto King"" reportedly had $2 million worth of assets seized as he's being sued over allegations he defrauded investors.
The seized assets of the man, … [+2193 chars]"
"89"," Reuters","European markets watchdog on red alert for Ukraine war contagion - Reuters.com","The European Union's markets watchdog said on Thursday it was on red alert for contagion after inflation stoked by Russia's invasion of Ukraine has threatened markets' ability to function in an orderly way.",2022-09-01 09:08:00,"LONDON, Sept 1 (Reuters) - The European Union's markets watchdog said on Thursday it was on red alert for contagion after inflation stoked by Russia's invasion of Ukraine has threatened markets' abil… [+1922 chars]"
"90"," Reuters","Lululemon stretches inventory logic - Reuters.com","Like a small leggings tear, Lululemon Athletica’s <a href=""https://www.reuters.com/companies/LULU.O"" target=""_blank"">(LULU.O)</a> inventory issues could unravel. The $41 billion yoga-pants maker’s <a href=""https://corporate.lululemon.com/media/press-releases/…",2022-09-02 16:56:00,"TORONTO, Sept 2 (Reuters Breakingviews) - Like a small leggings tear, Lululemon Athleticas (LULU.O) inventory issues could unravel. The $41 billion yoga-pants makers second-quarter revenue increased … [+1911 chars]"
"91"," Reuters","Bitcoin falls below $19000 as cryptos creak under rate hike risk - Reuters","Cryptocurrencies fell to fresh lows on Monday on regulatory concerns and as investors globally turned shy on risky assets with interest rate rises looming around the world.",2022-09-19 06:38:00,"SINGAPORE, Sept 19 (Reuters) - Cryptocurrencies fell to fresh lows on Monday on regulatory concerns and as investors globally turned shy on risky assets with interest rate rises looming around the wo… [+1578 chars]"
"92"," Reuters","Central African Republic top court blocks purchases with new cryptocurrency - Reuters","Central African Republic's Constitutional Court on Monday ruled that the purchase of citizenship, ""e-residency"" and land using a cryptocurrency the government launched last month was unconstitutional.",2022-08-29 18:10:00,"BANGUI, Aug 29 (Reuters) - Central African Republic's Constitutional Court on Monday ruled that the purchase of citizenship, ""e-residency"" and land using a cryptocurrency the government launched last… [+1894 chars]"
"93"," Reuters","FTX Ventures plans to take 30% stake in Scaramucci's SkyBridge Capital - Reuters.com","FTX Ventures plans to scoop up a 30% stake in SkyBridge Capital, the companies said, making it the latest in a flurry of deals by cryptocurrency's white knight Sam Bankman-Fried.",2022-09-09 12:26:00,"Sept 9 (Reuters) - FTX Ventures plans to scoop up a 30% stake in SkyBridge Capital, the companies said, making it the latest in a flurry of deals by cryptocurrency's white knight Sam Bankman-Fried.
… [+1669 chars]"
"94"," Reuters","Instacart cuts staff, curbs hiring before IPO -The Information - Reuters","Grocery delivery app Instacart Inc has been letting go staff, slowing hiring and curbing other expenses as it heads toward a public listing, <a href=""https://bit.ly/3SySs6e"" target=""_blank"">the Information</a> reported on Saturday, citing people familiar with…",2022-09-25 00:36:00,"Sept 24 (Reuters) - Grocery delivery app Instacart Inc has been letting go staff, slowing hiring and curbing other expenses as it heads toward a public listing, the Information reported on Saturday, … [+1607 chars]"
"95"," Business Insider","The Dow sheds 300 points and bond yields climb amid warnings about the global economy","From the Federal Reserve to the Bank of Japan, central banks made key rate adjustments this week that rattled markets.",2022-09-23 13:37:13,"US stocks tumbled Friday and bond yields continued to climb amid new warnings on the global economy. 
The Dow lost more than 300 points, and each of the major indexes face their fourth losing sessio… [+854 chars]"
"96"," Business Insider","Legendary investor Mark Mobius says the Fed will hike interest rates as high as 9% if inflation stays high","Mark Mobius thinks the Fed will hike rates as high as 9% to tame inflation, adding that it believe rates must be higher than inflation to bring it down.",2022-09-14 15:18:29,"The Federal Reserve could hike interest rates as high as 9%, according to Mark Mobius. 
The famed investor told Bloomberg TV Wednesday that because inflation has remained persistently high, ""the Fed… [+1066 chars]"
"97"," Business Insider","Legendary investor Mark Mobius says the Fed will hike interest rates as high as 9% if inflation stays high","Mark Mobius thinks the Fed will hike rates as high as 9% to tame inflation, adding that it believe rates must be higher than inflation to bring it down.",2022-09-14 15:18:29,"The Federal Reserve could hike interest rates as high as 9%, according to Mark Mobius. 
The famed investor told Bloomberg TV Wednesday that because inflation has remained persistently high, ""the Fed… [+1066 chars]"
"98"," Business Insider","US stocks continue sell-off as traders brace for more Fed rate hikes later this week","Last week, global equities saw their worst five-day stretch since June as investors anticipate another jumbo rate hike from the Federal Reserve.",2022-09-19 13:37:48,"US stocks dropped Monday ahead of the Federal Reserve's two-day meeting, which begins Tuesday. The dip is a continuation of Friday's sell-off, in which indexes capped off their worst five-day stretch… [+1262 chars]"
"99"," Business Insider","Dogecoin creator says it 'annoyed' him when Elon Musk tried to send the cryptocurrency 'to the moon'","""He has a tendency to latch onto communities that he can then kind of absorb into his cult of personality,"" Jackson Palmer said.",2022-09-10 11:30:00,"Dogecoin co-creator Jackson Palmer said it bothered him when Elon Musk and WallStreetBets' copycat Reddit group SatoshiBets attempted to send the meme currency ""to the moon"" last year.
In an intervi… [+3349 chars]"
"100"," Business Insider","US stocks drop for a 3rd day as Treasury yields spike and recession fears grow after Fed rate hike","The Fed-policy-sensitive 2-year Treasury yield rose to 4.1% for a fresh 15-year high. The 10-year Treasury yield leapt 19 basis points to 3.7%.",2022-09-22 20:15:34,"US stocks finished lower Thursday, with the S&amp;P 500 sliding to a two-month low during the session as Treasury yields continued to climb following the Federal Reserve's latest interest rate increa… [+1719 chars]"
"101"," Business Insider","5 crypto scams to know before you start trading coins","Scammers use various techniques to rob crypto investors. Here are five scams to know and how to avoid them.",2022-09-16 21:42:21,"Insider's experts choose the best products and services to help make smart decisions with your money (heres how). In some cases, we receive a commission from our our partners, however, our opinions a… [+9504 chars]"
"102"," Business Insider","Tornado Cash was the preferred 'laundering tool' for most NFT scammers before it was sanctioned by the US Treasury, says Elliptic","The crypto mixing platform was the ""laundering tool of choice"" for 52% of NFT scammers, Elliptic Enterprises wrote in a report.",2022-08-25 13:18:29,"Bad actors turned to Tornado Cash as their preferred tool for laundering cryptocurrency proceeds from non-fungible token scams, research firm Elliptic Enterprises wrote in a Wednesday report. 
The p… [+1014 chars]"
"103"," Business Insider","What is cryptocurrency? Here's what to know about this increasingly popular digital currency before getting involved","Cryptocurrencies are decentralized, digital currencies that use blockchain technology to manage transactions and keep them secure.",2022-09-23 21:15:06,"Insider's experts choose the best products and services to help make smart decisions with your money (heres how). In some cases, we receive a commission from our our partners, however, our opinions a… [+8777 chars]"
"104"," The Verge","Tens of thousands of viewers are watching a fake Apple crypto scam on YouTube right now","A bogus channel is pretending to live stream an Apple event that actually appears to be a crypto scam. In the chat, the streamer is linking to a shady-looking crypto site.",2022-09-08 02:19:28,"To be absolutely clear: Apple is not hosting a crypto event
A screenshot from a bogus Apple live stream that actually seems to be a crypto scam.
Screenshot by Jay Peters / The Verge
Someone on You… [+2422 chars]"
"105"," The Verge","Streamer involved in Twitch gambling saga now embroiled in sexual assault allegations","Mizkif, owner of the Texas-based OTKNetwork, was accused of covering up and downplaying the sexual assault of a streamer after he took a jab at Trainwreckstv’s alleged crypto scam.",2022-09-20 20:31:45,"Streamer involved in Twitch gambling saga now embroiled in sexual assault allegations
Streamer involved in Twitch gambling saga now embroiled in sexual assault allegations
 / After taking shots at … [+3773 chars]"
"106"," TechCrunch","Apple settles lawsuit with developer over App Store rejections and scams","An app developer’s lawsuit over App Store rejections, scams and fraud has ended in a settlement agreement after court filings show a request to dismiss the suit earlier this summer. The plaintiff, app developer and former Pinterest engineer Kosta Eleftheriou,…",2022-09-01 19:21:03,"An app developer’s lawsuit over App Store rejections, scams and fraud has ended in a settlement agreement after court filings show a request to dismiss the suit earlier this summer. The plaintiff, ap… [+5948 chars]"
"107"," TechCrunch","Twitch responds to gambling scam drama by banning some betting sites","Twitch is cracking down on some gambling sites after a streamer scammed his peers out of tens of thousands of dollars to fuel a betting habit, kicking off a firestorm about how the platform should handle games of chance in the process. Over the weekend, ItsSl…",2022-09-21 05:59:13,"Twitch is cracking down on some gambling sites after a streamer scammed his peers out of tens of thousands of dollars to fuel a betting habit, kicking off a firestorm about how the platform should ha… [+3548 chars]"
"108"," TechCrunch","Arpeggi Labs banks a16z funding to build web3 music creation software","The quest to define what exactly a web3 use case looks like hasn’t always been easy, but has allowed plenty of founders to get creative in building out products designed to tap the ethos of decentralization and the business opportunities of the creator econom…",2022-09-14 19:17:36,"The quest to define what exactly a web3 use case looks like hasn’t always been easy, but has allowed plenty of founders to get creative in building out products designed to tap the ethos of decentral… [+2153 chars]"
"109"," Business Insider","Facebook scammers recruited into the shadowy job after being trafficked say they were punished with push-ups or tased for failing","One of the workers said workers who didn't meet their quota of ""clients"" for the Facebook scam had to do 50 push-ups for each client they missed.",2022-09-22 19:27:19,"A new investigation into the trafficking of Indonesian nationals into Cambodia sheds light on some of the working conditions of those caught up the shadowy world of scamming people on Facebook.
Indo… [+2466 chars]"
"110"," Reuters","Malaysia brings home 15 victims of Cambodian cybercrime racket - Reuters","Malaysian authorities have rescued 15 victims of suspected cybercrime rackets in Cambodia, its foreign ministry said, as the government steps up efforts to help hundreds of its citizens trapped by similar operations across Southeast Asia.",2022-09-22 02:52:00,"KUALA LUMPUR, Sept 22 (Reuters) - Malaysian authorities have rescued 15 victims of suspected cybercrime rackets in Cambodia, its foreign ministry said, as the government steps up efforts to help hund… [+1318 chars]"
"111"," Business Insider","What is cryptocurrency? Here's what to know about this increasingly popular digital currency before getting involved","Cryptocurrencies are decentralized, digital currencies that use blockchain technology to manage transactions and keep them secure.",2022-09-23 21:15:06,"Insider's experts choose the best products and services to help make smart decisions with your money (heres how). In some cases, we receive a commission from our our partners, however, our opinions a… [+8777 chars]"
"112"," Business Insider","5 crypto scams to know before you start trading coins","Scammers use various techniques to rob crypto investors. Here are five scams to know and how to avoid them.",2022-09-16 21:42:21,"Insider's experts choose the best products and services to help make smart decisions with your money (heres how). In some cases, we receive a commission from our our partners, however, our opinions a… [+9504 chars]"
"113"," Business Insider","Tornado Cash was the preferred 'laundering tool' for most NFT scammers before it was sanctioned by the US Treasury, says Elliptic","The crypto mixing platform was the ""laundering tool of choice"" for 52% of NFT scammers, Elliptic Enterprises wrote in a report.",2022-08-25 13:18:29,"Bad actors turned to Tornado Cash as their preferred tool for laundering cryptocurrency proceeds from non-fungible token scams, research firm Elliptic Enterprises wrote in a Wednesday report. 
The p… [+1014 chars]"
"114"," The Verge","Streamer involved in Twitch gambling saga now embroiled in sexual assault allegations","Mizkif, owner of the Texas-based OTKNetwork, was accused of covering up and downplaying the sexual assault of a streamer after he took a jab at Trainwreckstv’s alleged crypto scam.",2022-09-20 20:31:45,"Streamer involved in Twitch gambling saga now embroiled in sexual assault allegations
Streamer involved in Twitch gambling saga now embroiled in sexual assault allegations
 / After taking shots at … [+3773 chars]"
"115"," TechCrunch","Elon Musk taps the Twitter whistleblower for help in his quest to get out of the deal","With the Twitter trial date rapidly approaching, Elon Musk’s legal team sent a subpoena to former Twitter head of security Peiter “Mudge” Zatko, who filed a whistleblower complaint against the company that was made public last week. In the complaint,  Zatko a…",2022-08-29 21:41:04,"With the Twitter trial date rapidly approaching, Elon Musk’s legal team sent a subpoena to former Twitter head of security Peiter “Mudge” Zatko, who filed a whistleblower complaint against the compan… [+4830 chars]"
"116"," The Verge","Twitter starts testing an edit button, but you have to pay for it","Twitter is finally testing its edit button. Editable tweets will be available for some Twitter Blue subscribers in late September.",2022-09-01 12:52:48,"Twitter Blue subscribers get access later this month
Illustration by Alex Castro / The Verge
Twitter is now testing its highly-requested Edit Tweet feature. After years of memes and jokes, editable… [+2353 chars]"
"117"," Reuters","Cambodian police raid alleged cybercrime trafficking compounds | Reuters","Cambodian authorities said raids are underway this week at suspected cybercrime compounds across the Southeast Asian country, uncovering evidence of human trafficking, illegal confinement and torture.",2022-09-21 06:42:01,"BANGKOK, Sept 21 (Reuters) - Cambodian authorities said raids are underway this week at suspected cybercrime compounds across the Southeast Asian country, uncovering evidence of human trafficking, il… [+3035 chars]"
"118"," Reuters","Fugitive Turkish crypto fraud suspect arrested in Albania resort - Reuters","Albanian police on Tuesday arrested the fugitive Turkish founder of crypto-exchange Thodex, wanted by Interpol for suspected crypto fraud and at large for a year, police and media said.",2022-08-30 13:06:00,"By Reuters Staff
TIRANA (Reuters) - Albanian police on Tuesday arrested the fugitive Turkish founder of crypto-exchange Thodex, wanted by Interpol for suspected crypto fraud and at large for a year,… [+1638 chars]"
"119"," Reuters","Fugitive Turkish crypto fraud suspect arrested in Albania resort - Reuters","Albanian police on Tuesday arrested the fugitive Turkish founder of crypto-exchange Thodex, wanted by Interpol for suspected crypto fraud and at large for a year, police and media said.",2022-08-30 13:05:00,"TIRANA, Aug 30 (Reuters) - Albanian police on Tuesday arrested the fugitive Turkish founder of crypto-exchange Thodex, wanted by Interpol for suspected crypto fraud and at large for a year, police an… [+1919 chars]"
"120"," Reuters","Ransomware group BlackCat behind Italy's GSE hacking, researchers say - Reuters.com","Hacking group BlackCat was behind a recent attack on Italy's state-owned energy services firm GSE, stole a massive amount of data and threatened to publish if their demands were not met, according to security researchers and documents seen by Reuters.",2022-09-02 20:05:00,"STOCKHOLM/MILAN, Sept 2 (Reuters) - Hacking group BlackCat was behind a recent attack on Italy's state-owned energy services firm GSE, stole a massive amount of data and threatened to publish if thei… [+1892 chars]"
"121"," Business Insider","Elon Musk's crypto interview was broadcast on the South Korean government's YouTube channel that was hacked and renamed 'SpaceX Invest'","The breach on Saturday morning is the fourth time in the last two weeks that a YouTube channel run by the South Korean government was hacked.",2022-09-05 03:48:07,"The South Korean government's official YouTube channel was hacked on Saturday morning to broadcast a video featuring billionaire Elon Musk chatting about cryptocurrency, according to local media repo… [+1879 chars]"
"122"," NBC News","Ethereum’s software upgrade just went live — here’s what it does","Ethereum’s biggest-ever upgrade just took effect, in what industry experts are calling a game changer for the entire crypto sector.",2022-09-15 14:16:01,"Ethereums biggest-ever upgrade just took effect, in what industry experts are calling a game changer for the entire crypto sector. Thus far, all signs suggest the so-called merge which is designed to… [+7098 chars]"
"123"," NBC News","U.S. seizes $30 mln in crypto from North Korea-linked hackers","The United States has seized over $30 million in cryptocurrency stolen by North Korean-linked hackers Lazarus from the popular online game Axie Infinity,",2022-09-08 19:30:37,"The United States has seized over $30 million in cryptocurrency stolen by North Korean-linked hackers Lazarus from the popular online game Axie Infinity, crypto intelligence firm Chainalysis said on … [+1155 chars]"
"124"," NBC News","Explainer: Understanding Ethereum’s major 'proof of stake' upgrade","Ethereum, the blockchain that underpins the world’s second-largest crypto token ether, will soon undergo a major software upgrade that promises to slash the",2022-09-09 12:39:32,"Ethereum, the blockchain that underpins the worlds second-largest crypto token ether, will soon undergo a major software upgrade that promises to slash the amount of energy needed to create new coins… [+3296 chars]"
"125"," The Verge","Hacker steals $160 million from crypto trading firm Wintermute","Cryptocurrency market-making firm Wintermute has been hit by a hack that drained $160 million of USD Coin, Tether, Wrapped ETH, and other cryptocurrencies from the company’s liquidity reserves.",2022-09-20 14:21:18,"Hacker steals $160 million from crypto trading firm Wintermute
Hacker steals $160 million from crypto trading firm Wintermute
 / A series of unauthorized transactions sent tens of millions of dolla… [+3161 chars]"
"126"," The Verge","How The Merge will slash Ethereum’s climate pollution","If “The Merge” is successful, Ethereum will use a fraction of the energy it used to. That’s supposed drastically cut down the cryptocurrency’s climate pollution. But there’s a lot that has to go right first.",2022-09-06 23:25:23,"If The Merge is successful, it will drastically shrink the cryptocurrencys energy use
Computer equipment used by an Ethereum miner on October 20, 2021 in Vilassar de Mar, Spain.
Photo by Manuel Med… [+10018 chars]"
"127"," TechCrunch","Insurtech goes niche","Welcome to The Interchange! If you received this in your inbox, thank you for signing up and your vote of confidence. If you’re reading this as a post on our site, sign up here so you can receive it directly in the future. Every week, I’ll take a look at the …",2022-09-25 14:15:49,"Welcome to The Interchange! If you received this in your inbox, thank you for signing up and your vote of confidence. If youre reading this as a post on our site, sign up here so you can receive it d… [+11944 chars]"
"128"," TechCrunch","To reach fintech’s next level, infrastructure providers must address these pain points","As long as infrastructure providers are able to specialize to address the pain points of their customers, they can be an asset to any market they serve.",2022-09-01 14:00:39,"Weve all seen the headlines: Fintech is struggling. Since last year, valuations are down 70%-80%, deal activity is down 67% and layoffs have plagued many former industry favorites.
But fintech is re… [+2564 chars]"
"129"," The Verge","A huge phishing campaign has targeted over 130 companies, including Twilio and Signal","Organizations, including Twilio, DoorDash, and Signal, have been potentially compromised by hackers, with login credentials belonging to nearly 10,000 Okta users being stolen.",2022-08-26 12:26:46,"DoorDash, Best Buy, and AT&amp;T were also targeted
If you buy something from a Verge link, Vox Media may earn a commission. See our ethics statement.
The 0ktapus phishing campaign is one of the be… [+3639 chars]"
"130"," Reuters","Ethereum's energy-saving Merge upgrade","Ethereum, the blockchain that underpins the world's second-largest crypto token ether, on Thursday underwent a major software upgrade that slashes the amount of energy needed to create new coins and carry out transactions. <a href=""/technology/ethereum-blockc…",2022-09-15 09:24:43,"Sept 15 (Reuters) - Ethereum, the blockchain that underpins the world's second-largest crypto token ether, on Thursday underwent a major software upgrade that slashes the amount of energy needed to c… [+3510 chars]"
"131"," Reuters","Understanding Ethereum's major ""Merge"" upgrade","Ethereum, the blockchain that underpins the world's second-largest crypto token ether, will soon undergo a major software upgrade that promises to slash the amount of energy needed to create new coins and carry out transactions.",2022-09-09 04:06:52,"Sept 9 (Reuters) - Ethereum, the blockchain that underpins the world's second-largest crypto token ether, will soon undergo a major software upgrade that promises to slash the amount of energy needed… [+3433 chars]"
"132"," TechCrunch","North Korea's Lazarus hackers are exploiting Log4j flaw to hack US energy companies","The state-sponsored hacking group used a year-old Log4j vulnerability to compromise U.S., Canadian and Japanese energy company servers.",2022-09-08 13:58:17,"Security researchers have linked a new cyber espionage campaign targeting U.S., Canadian and Japanese energy providers to the North Korean state-sponsored Lazarus hacking group.
Threat intelligence … [+2541 chars]"
"133"," Reuters","Australia's Optus contacts customers caught in cyber attack - Reuters","Australia's number two telecommunications company, Optus, said on Saturday it was contacting customers about a cyberattack that accessed personal details of up to 10 million customers, in one of Australia's biggest cybersecurity breaches.",2022-09-24 07:00:00,"Sept 24 (Reuters) - Australia's number two telecommunications company, Optus, said on Saturday it was contacting customers about a cyberattack that accessed personal details of up to 10 million custo… [+1972 chars]"
"134"," Business Insider","Elon Musk's crypto interview was broadcast on the South Korean government's YouTube channel that was hacked and renamed 'SpaceX Invest'","The breach on Saturday morning is the fourth time in the last two weeks that a YouTube channel run by the South Korean government was hacked.",2022-09-05 03:48:07,"The South Korean government's official YouTube channel was hacked on Saturday morning to broadcast a video featuring billionaire Elon Musk chatting about cryptocurrency, according to local media repo… [+1879 chars]"
"135"," NBC News","U.S. seizes $30 mln in crypto from North Korea-linked hackers","The United States has seized over $30 million in cryptocurrency stolen by North Korean-linked hackers Lazarus from the popular online game Axie Infinity,",2022-09-08 19:30:37,"The United States has seized over $30 million in cryptocurrency stolen by North Korean-linked hackers Lazarus from the popular online game Axie Infinity, crypto intelligence firm Chainalysis said on … [+1155 chars]"
"136"," NBC News","Explainer: Understanding Ethereum’s major 'proof of stake' upgrade","Ethereum, the blockchain that underpins the world’s second-largest crypto token ether, will soon undergo a major software upgrade that promises to slash the",2022-09-09 12:39:32,"Ethereum, the blockchain that underpins the worlds second-largest crypto token ether, will soon undergo a major software upgrade that promises to slash the amount of energy needed to create new coins… [+3296 chars]"
"137"," NBC News","Ethereum’s software upgrade just went live — here’s what it does","Ethereum’s biggest-ever upgrade just took effect, in what industry experts are calling a game changer for the entire crypto sector.",2022-09-15 14:16:01,"Ethereums biggest-ever upgrade just took effect, in what industry experts are calling a game changer for the entire crypto sector. Thus far, all signs suggest the so-called merge which is designed to… [+7098 chars]"
"138"," The Verge","Hacker steals $160 million from crypto trading firm Wintermute","Cryptocurrency market-making firm Wintermute has been hit by a hack that drained $160 million of USD Coin, Tether, Wrapped ETH, and other cryptocurrencies from the company’s liquidity reserves.",2022-09-20 14:21:18,"Hacker steals $160 million from crypto trading firm Wintermute
Hacker steals $160 million from crypto trading firm Wintermute
 / A series of unauthorized transactions sent tens of millions of dolla… [+3161 chars]"
"139"," The Verge","How The Merge will slash Ethereum’s climate pollution","If “The Merge” is successful, Ethereum will use a fraction of the energy it used to. That’s supposed drastically cut down the cryptocurrency’s climate pollution. But there’s a lot that has to go right first.",2022-09-06 23:25:23,"If The Merge is successful, it will drastically shrink the cryptocurrencys energy use
Computer equipment used by an Ethereum miner on October 20, 2021 in Vilassar de Mar, Spain.
Photo by Manuel Med… [+10018 chars]"
"140"," TechCrunch","North Korea's Lazarus hackers are exploiting Log4j flaw to hack US energy companies","The state-sponsored hacking group used a year-old Log4j vulnerability to compromise U.S., Canadian and Japanese energy company servers.",2022-09-08 13:58:17,"Security researchers have linked a new cyber espionage campaign targeting U.S., Canadian and Japanese energy providers to the North Korean state-sponsored Lazarus hacking group.
Threat intelligence … [+2541 chars]"
"141"," Reuters","Ethereum's energy-saving Merge upgrade","Ethereum, the blockchain that underpins the world's second-largest crypto token ether, on Thursday underwent a major software upgrade that slashes the amount of energy needed to create new coins and carry out transactions. <a href=""/technology/ethereum-blockc…",2022-09-15 09:24:43,"Sept 15 (Reuters) - Ethereum, the blockchain that underpins the world's second-largest crypto token ether, on Thursday underwent a major software upgrade that slashes the amount of energy needed to c… [+3510 chars]"
"142"," Reuters","Understanding Ethereum's major ""Merge"" upgrade","Ethereum, the blockchain that underpins the world's second-largest crypto token ether, will soon undergo a major software upgrade that promises to slash the amount of energy needed to create new coins and carry out transactions.",2022-09-09 04:06:52,"Sept 9 (Reuters) - Ethereum, the blockchain that underpins the world's second-largest crypto token ether, will soon undergo a major software upgrade that promises to slash the amount of energy needed… [+3433 chars]"
"143"," Fox News","2022 primary season concludes with fiery Republican face-offs in battleground New Hampshire","Trump's not on the ballot, but he's part of the conversation, as New Hampshire, Rhode Island and Delaware hold the final nominating primaries of the 2022 election cycle",2022-09-13 12:36:17,"HAMPTON BEACH, N.H. Six months after Texas held the first primaries of 2022, it is the season finale, as New Hampshire, Rhode Island and Delaware hold nominating contests on Tuesday.
New Hampshire, … [+14349 chars]"
"144"," Business Insider","5 crypto scams to know before you start trading coins","Scammers use various techniques to rob crypto investors. Here are five scams to know and how to avoid them.",2022-09-16 21:42:21,"Insider's experts choose the best products and services to help make smart decisions with your money (heres how). In some cases, we receive a commission from our our partners, however, our opinions a… [+9504 chars]"
"145"," NBC News","Democrats hammer Republicans over Social Security as conservative candidates grab the 'third rail'","As Republican congressional candidates call for changes to Social Security, Democrats are trying to make them pay a political price in the 2022 midterm elections.",2022-08-28 09:00:00,"WASHINGTON When Blake Masters was running for the Republican nomination for Senate in Arizona, he floated what he called a fresh and innovative idea.
Maybe we should privatize Social Security. Right… [+5726 chars]"
